mics5524,tgs2600,mq2,mq135,label
0.5119941307320987,1.1457857370509077,0.9051933359925455,0.7585243326167401,0
0.2716205044866802,0.27159397236982286,0.1638919733850194,1.0527937603524287,0
0.7612265129175296,0.87887983557565,0.1226429437253827,1.1669008373781937,0
1.0156869048804638,0.33357302174610376,0.30000746392781064,0.3017449608387772,0
0.4346664672554914,0.6772320747954615,0.5751395205063273,0.42035205421784605,0
0.7730381841946173,0.253443246717246,0.4213591133887399,0.5029980276230608,0
0.6016769826387395,0.9636935575323148,0.31964116037419565,0.6656578822549727,0
0.7516560257482466,0.1510954539919975,0.768299337091582,0.2875765360560206,0
0.17155675228380746,1.1437740909786664,1.1621952363820152,0.9892370829281071,0
0.43507514609070774,0.20743932540702226,0.8526563291633724,0.5841677431135613,0
0.2342420583292567,0.6446946011223971,0.13782737322674024,1.1002524422866602,0
0.3846579797600186,0.8287745127893801,0.44288218369835197,0.6720748232955918,0
0.7013813072776075,0.30333990107807973,1.1665430905410143,0.9526461056972259,0
1.133448835720608,1.0843100854704135,0.7576899766921935,1.1140616585254284,0
0.19734175225711142,0.3155811486610597,0.14975001780159186,0.4578633638395907,0
0.5275450186584302,0.3984839349512854,1.011611260067122,0.4924286593629482,0
0.4090279606561188,0.6969656914740732,0.2550166474722389,0.9824166788294435,0
0.1820057080477479,1.185575630260569,0.949469246226323,0.3185872496875896,0
0.10607432883596264,0.9970075713003175,0.8775430782323788,0.9019078848450859,0
0.9483973813545402,0.18144911690749937,0.49431230139869986,0.22745596547764269,0
1.0494137684631528,0.7856279395103136,0.4639878273379141,0.169914185314626,0
0.44208055388722833,0.45770165422942166,0.9025667961718704,0.8013132184907343,0
1.075934016833959,0.6194364176781442,0.23155367053213186,0.8845692659452944,0
0.9368635534785871,0.7174049173264457,0.948063897950017,0.6431751560008298,0
0.6750061123201934,0.5702951201944045,0.1279610394185047,0.21868056969263489,0
0.13457210425540767,0.8000514523901583,0.4457915791839593,0.659427760281173,0
1.0983231213187021,0.37422145206376245,0.5514212153391926,0.9311062523973535,0
0.3516779820407847,0.1846779008116723,0.4187265982051448,0.2773434159794048,0
1.1226674175768303,0.9889324175208585,0.7967441321614657,1.0586066492064894,0
0.9840392845890258,0.3052270647746394,1.0818148983389755,0.6932764661072157,0
0.9881841706804687,1.0857004299158424,0.44980382246905026,0.22105711698044445,0
0.3507286787961358,0.5698185674888819,0.9998162425147423,1.0468036415819777,0
0.10764734358430977,0.6618220328353223,0.5591521034636568,0.34431859151780325,0
0.23185190406705108,0.47137668854399073,1.137200674303771,0.45552322522283073,0
0.6706696839177027,0.8733208547846956,0.49999256261722336,1.1689602909930568,0
1.1586920244363224,0.3769605254079006,0.6469733564816239,0.43096614079844664,0
0.41332454381521433,0.14057564208998607,0.7705207673778864,0.6529469255517475,0
0.15662662637498828,0.40651111066027257,1.099092474563319,0.3635180797336697,0
0.2593843593003454,0.6383980363053192,1.1842154995216607,0.3662607986626504,0
0.8393491021464663,0.9377815768615892,0.3614012983916396,0.9010379834730454,0
0.5045614459911785,0.7955364136529374,0.7968826818369841,0.6893521524822342,0
0.19931874705984914,1.0188327451481616,0.45285807146890933,0.30517036143983967,0
0.1448526557102403,0.7499822375070659,0.8453207980265105,0.11824661182064178,0
0.663302364129209,0.3491453527177317,0.8096900694503948,0.2918030719054906,0
0.8600315119127124,0.5254088809305911,1.130402987610408,0.2512730385605926,0
0.47517298615528436,0.22482087336464796,1.1171629801064191,1.065073288719079,0
0.38373579048667117,0.8259824506375968,0.9989444202213373,0.7107208927594084,0
0.682615636191607,0.36603751999049683,0.20241304458648912,1.0869373337486594,0
1.0904598628796633,0.7964116030005947,0.4729327701535707,0.484130532073927,0
0.8985512467572632,1.0868212859478348,1.075795066691629,0.9578631004433861,0
0.8062348107697165,0.19255396149455373,0.2777915855040751,1.088409607379787,0
0.7670719656255488,0.11011675677829262,0.21161869715263532,0.8298519460188613,0
0.10556774223084056,0.2768888565592485,0.7036071683032447,0.8610847174619625,0
0.8171573854528604,0.34669624040661573,0.8833971434822894,0.3609739962464801,0
0.4579396679751945,0.9211405456298264,0.814596188951936,1.0341457515435957,0
0.8233741815303776,0.7251394636690187,0.2030422446109017,0.5044873833653768,0
0.3917226044498979,0.3683886077169919,1.17031161022769,0.5324074971334364,0
1.0812512106948244,0.794252488596989,0.9742924338958131,0.6529008024157112,0
0.7345942730889949,0.6417694632007502,0.3147672865778489,0.8946973267876558,0
0.4088495986849413,0.12674756307459922,0.8100195254978845,0.2948217473477538,0
1.1345044427882056,1.149321434702846,1.1063508292424933,0.5071745702809888,0
0.11700227818175418,1.1211504188464978,0.5710025631490457,1.1633203009480364,0
1.159981974798178,1.038310401014096,0.4238937812765442,0.5236075014621178,0
1.0362503386685424,0.44861420567190535,0.28644202135470176,0.7124813887041851,0
1.129770251576859,0.8656327763424702,0.7270672870983014,0.20689414314784538,0
0.7765079493690866,1.1890592351146896,0.2540924167601764,0.6701626176001103,0
1.0651103791207508,0.9148454795296248,0.8667173150947947,0.8727324923858201,0
0.49544026634173066,0.4229510286909427,0.9902972710263649,0.9911247341470987,0
1.053779550438114,1.1045646078121183,0.6624766387470314,0.6516679241559195,0
0.9781246968634525,0.8149603238555415,0.8721635649834736,0.975371936379711,0
1.0790058759993228,0.4717946725366894,0.5131412479039383,0.2033801338249559,0
0.7361081550957913,0.1395365011764163,0.6121578199457061,0.6969090981783342,0
0.4151953773411128,0.7499165866259118,0.13355027493295438,0.14108300762413586,0
1.004860616725624,0.4962097055523892,0.23976656391707324,0.6744675860602847,0
0.9469929084084718,0.33740313024652746,0.7851795234009001,0.19388221149314477,0
0.15684989328546847,0.6844900947249627,0.6946986337711171,0.8011728916480271,0
0.8987004670949276,1.173437287408788,0.6679303831313147,0.45525212023537054,0
0.9747048142455739,0.3979154763882816,0.5828685627761997,0.18630201947649255,0
0.12788581775700325,1.1589132561457176,1.0195781325634263,0.8655716267030676,0
0.5498482388556968,0.29062375207793034,0.2720807469381946,0.37526718798105485,0
0.7041493311767324,0.8860555149700684,0.8262171143895043,0.4079272866405371,0
1.1503518087295135,0.9116866083653452,0.7097894577625407,0.7728928208577873,0
0.5615600686705688,0.37250408845127314,0.49156994651638775,0.933630721510806,0
0.11583283749273146,0.22767990455760784,0.15060290622392802,0.14480168255086714,0
1.0410066424121078,0.8740236453180259,0.6215912119960576,0.20761757671610162,0
0.6407774626285155,0.6208189478586221,0.2905220569010167,0.5772368141617703,0
0.5383552078371108,0.777435107857438,0.7986030159544081,0.14983441074924897,0
0.5120738760891183,0.7884459072856599,0.6534498844380964,1.0421388253071544,0
0.8245629947808394,0.27922786978957265,0.17762562214047284,0.806661206026947,0
0.129162441595784,0.7443531394008095,1.1342532655674533,0.7330215956634668,0
0.5269869188271741,0.8076170402865884,0.6040781795406682,0.7001784682475284,0
1.1356112896541777,0.5247129015808516,1.1573096202063056,1.09588570615167,0
0.31537024826822607,0.176297430962682,0.2108558015151693,0.1200440082167047,0
0.20388725683152123,0.8513074507579924,0.17830751330625189,0.45087319332313736,0
1.0293628420663998,0.12559912930940845,0.9959153308478292,0.4100402522507399,0
0.22998131038382186,0.8664108819005656,0.7918371314578723,1.0652192148797581,0
0.9085781481842742,0.9838290234233333,0.41023802982843716,0.29518349815769507,0
0.925676226804944,0.9875182131939902,1.1895556562007406,0.5538794446025691,0
0.5092198943720615,0.9540542568161964,0.47488389427831956,1.123833058163921,0
1.0442540270273128,0.5718934301125201,0.925958174570647,0.9299971614931505,0
0.21343625571952585,1.0928081973475232,0.6557776096926428,1.0091032127185158,0
0.4520545611336729,1.0850755513458203,0.5281218466075793,0.1119214166283282,0
1.09592017406119,0.2004153444647469,0.45124500134945633,1.1450681637558853,0
1.1456678616313116,0.7307816769356146,0.795020933386779,0.5932900741761516,0
0.422531848867871,0.4615309999069075,0.8397703016847421,0.9276119823814479,0
0.9707369480984332,0.9685799570740091,0.2003267133535594,0.6438623351728395,0
0.1633146360183087,0.7044817705561089,0.5856835515107147,1.0764746010341297,0
0.48600651380728654,0.22877371807036645,0.25729085025811943,0.9376616948892194,0
0.7800398696478871,0.21123494373506926,0.19251748672649716,0.8710660446050319,0
0.18003930700061288,1.0040460652193917,0.8768664498721457,0.18948365870608974,0
0.1933214854937111,1.185303536351293,0.5116978753317323,0.50770636177358,0
0.9940795239832527,1.1419734351222446,1.184601170205158,0.9287160037848357,0
0.5138855440840073,0.19185078836853564,0.9548616075201803,0.7142446747093855,0
0.5666442101716739,1.0969898236042095,0.22231723053676647,0.6418876147199449,0
0.11248900924416098,0.6155267061935388,0.1619336032500211,0.2306997078948791,0
0.22927887145481535,0.8141313323276698,0.9206493671919656,0.7417056416068755,0
1.1583898033219961,0.5123576374760744,0.4142832949100468,1.0554590410084062,0
0.34595542237139787,1.1595447933846723,0.11336992215879799,1.1668667093784029,0
0.14747590314563372,1.080257425067878,0.6804712199949298,1.1922612757312303,0
0.18117622120893873,0.7092397128414528,1.166232789181009,0.6754076285871636,0
0.7923385019487886,0.8653235578830788,0.5999951712445505,0.7903138880924697,0
0.7427457431154102,1.0912738115400877,0.14999101837560366,0.40905950855145334,0
1.1454526324842145,1.079290162280008,0.6012224280642842,0.7821458575816903,0
0.4051193012792459,0.30693327569613743,0.6100682454339803,0.48868745082865805,0
0.7420217230359591,0.18550810066148332,1.171834288432783,1.184831818927563,0
0.8679778854217195,0.6897060029785324,0.44048037791496053,0.9951745216776434,0
0.8532042898092671,0.27887863327938045,1.1020199029432267,1.0047909672154858,0
1.1447799046211165,0.8982914592271959,0.7747567155293688,0.5600673399196807,0
1.1260013316894146,1.0526702784504491,0.14974053711680835,0.1290036719469772,0
0.5141097035658545,0.991608663860016,1.186003742246439,0.265458580213881,0
0.7535437868873486,0.5189799422941236,1.1669058375960635,1.0263308154492794,0
1.0221615751822515,0.6155624757744672,0.5563014525714316,0.4007477791237768,0
0.16201304631601982,1.0511946138805583,0.9941911100430852,1.1996894406147436,0
1.1963005207812958,0.7109748761628901,0.9458861566985615,1.1392423028706709,0
1.0346121297451525,0.3720829119175174,0.5955985488411029,0.24207535666664448,0
1.1494561299845947,0.7667920978959679,0.351507086053809,0.8388707528464423,0
0.7799410645036853,0.49397898983612454,0.2249133514195919,0.8387305151520794,0
0.6723384709941725,0.9495502309092031,0.6721798512231927,1.037399650350394,0
0.707097522651934,0.7170317686889248,1.0643189629241794,0.5438311528336367,0
0.24741675129570478,0.13166094394467287,0.9306509812409808,0.782340506488811,0
0.8744877449091458,0.33426057765980177,0.2500086231454467,0.11599913223467012,0
0.4856463146872566,0.7489094555400962,0.5314684496097055,0.5812224142261019,0
1.0945745639431232,0.4830810137256304,0.6653884380757917,0.9620183140152573,0
0.5361970605533971,0.7842953702506608,1.0486000796214197,1.1444726860234062,0
0.2617808290219417,1.1192463876776437,0.6413279223874919,0.38406882712885415,0
0.6050493318620873,1.1780358328140248,0.6418799033921565,0.46162677131625895,0
0.7967409397483982,0.3641601806560123,0.1834496609195303,0.24176769410171414,0
0.24085042285354968,0.2670929628635238,0.25270988991435117,0.804962219283536,0
0.30006809283905933,0.48023401165624946,1.086467250896613,0.6213578042891595,0
0.8343135123731298,0.2895518583217928,0.3115179206895378,0.14495547789312674,0
0.28582856937938095,0.4064493729351545,0.2947115327044215,0.19757278713276116,0
0.23269945821066088,0.6068566448359982,0.3269670902463717,0.500696847152883,0
0.6537589979403424,0.8594343114923018,0.14324335382520884,0.9793514387999468,0
0.7906904284399985,0.1899349351437591,1.0609364865174549,1.1129596405849944,0
0.16718575584035011,0.40456541296192405,0.9868214077723674,0.923085659422024,0
0.30297312129201504,0.33028425567038133,0.5075193130705201,0.6329752837101233,0
0.7800802486833255,0.5058050035267496,0.6087881877464626,0.922218031947132,0
0.14035152317965768,0.37768063877842284,0.8846845444730076,1.084727521455919,0
0.6628451863272327,0.6853248337918472,0.21788921247375365,0.5921536035058,0
0.6858789931005254,0.3667175539982026,0.396167554044319,0.5150125794150848,0
0.122078317555499,0.45428708214149605,0.3325928076961991,0.4602470873957061,0
0.23173834500117632,1.0795800088138843,0.7529516989094535,0.8470125510589385,0
0.968088362468072,0.6482864188219629,0.19561231689616604,0.6908171960004025,0
0.745525229822967,0.9199834216027629,0.5748255008526473,0.24033833307512012,0
0.4121534963785969,0.49939052603849854,0.8105089654647613,0.7278561351358029,0
0.49170639848763087,1.1851667736722775,0.7663523012925758,0.36094947090959395,0
0.2119607198824441,0.2681450531027652,0.37055350122295894,0.2767495105855112,0
0.30522372645643636,0.4136046855632318,0.29071095482423026,1.0864419670890677,0
0.18825712022780644,0.67696252852728,0.5514365096886276,1.180616478599467,0
0.22324279238485756,0.5376411589503157,1.1664174766029056,1.0520578384833783,0
0.9987792780442077,0.3836931097494338,0.2879763461290724,0.8355075419168739,0
1.1223135880403443,0.7124391823153227,0.7287739584168897,0.40797700302631257,0
0.9464422265111304,0.30574812341327573,0.45604716004466805,0.5679800824780584,0
0.6583714165529004,0.3666507056565882,0.22632050721312388,0.7716820466857958,0
0.4174936085642813,0.7393620435648735,0.2697989868016225,0.6292541120402991,0
0.6858483758067444,0.1570058905046696,0.4702647060133126,0.24785614463287164,0
0.1697124675200445,1.1889562556289397,0.45458922947219527,0.9908618904400982,0
0.3801047202401402,0.849652994446322,0.936250645878655,0.7552026146686286,0
0.6187338074051741,0.5530250055619953,0.4837550931972948,1.1224820586726083,0
1.013681348566502,1.1615296017331638,0.2367269458340992,0.9039542227240086,0
1.1321745025031416,0.29935637278222615,0.17314589410345524,0.9152327142190648,0
0.731920424497903,1.0260116544340991,0.2537496142889184,0.9747940430458791,0
0.321790052052519,0.28002153715227496,0.2806923777240922,0.9960321922545202,0
0.8317169427658201,0.6753719672460312,0.4947135325358527,1.064920594894419,0
0.5316896181648989,0.9982593834187347,0.5830483994272402,0.5146388723673982,0
0.608947764236567,0.4315156615805562,0.9223703181938762,0.652992429101727,0
0.355433964661499,1.0895320306020253,0.5222803435105325,0.6979081472253874,0
1.0971193220610016,0.7866617955053912,0.22858784477920047,1.1338153359748226,0
0.7904788583785596,0.4683961761227947,0.25319927992972596,0.9734277081973255,0
0.7820800315213647,0.6868072011739536,1.0832818413560534,0.9674569323469837,0
0.2668423677060263,0.442894274575103,0.37333805379591234,0.9183409218299445,0
0.13688567820935732,0.726878653358448,0.9387045543147594,1.0644422004379244,0
0.4762899235874982,1.0033830351392141,0.22169491065072794,1.03109752090797,0
0.24023752856518066,0.537016019616404,0.9770249023575088,0.2649091700836511,0
0.3521765347559056,0.8944778252323728,0.8920401902006817,0.8052623961738269,0
0.86334328891381,0.6969968876823557,0.37697896479764803,0.48026559285431136,0
0.29975748848156825,1.099295617466991,0.7417309742427324,0.5409365584400039,0
0.6082063840085459,1.1420116735729968,0.26868654342768816,0.7448528152184769,0
0.6564775467729125,0.7725996589781126,0.11992120220292457,1.0593362998385665,0
1.1253301107319735,0.7216465019481297,0.8663159062645813,1.1147493192950253,0
0.8779624977447383,0.26779294720568747,0.7339171961834944,0.7673865510211414,0
0.5665437384326246,0.910088659187195,1.1278037162459162,1.118125364197454,0
0.5959233085445452,0.2245618504248308,1.183325318858568,1.0227878950905274,0
0.23712894932359352,1.1129260708791096,1.056885998268341,0.6707218628386792,0
0.750402979319422,0.5389029742571433,0.16023780270423446,0.46871696581049094,0
0.9831387934578124,0.10509522530506316,0.46684908886025855,0.5379855629500376,0
0.6911351632317151,1.1118411780540365,0.4809805938025573,0.4816485220858504,0
0.9112513729207231,0.5974397349787878,0.34706530523398016,0.5976834677459627,0
0.2549427224177798,0.29402568515684563,0.6482045500134276,0.5608179944550027,0
1.1063304911749101,0.4986332890282964,0.7386471853058477,0.7954907167114833,0
0.11440390224716701,0.8298911092183815,0.2958395635567266,1.1571773492164006,0
0.2635290005284242,0.556086536099726,0.19388463488650826,1.196561677030542,0
0.6524145113643668,0.754923519052048,0.1737841251272702,0.9249565174390955,0
0.3308961524051443,1.0878597183847851,0.32565360453020786,0.3097564927300332,0
0.14020463463290436,0.6192736396209991,0.721325246588878,0.17227950337118758,0
0.9530803783645115,0.5986177182228303,0.6768292962603379,0.5848390216320509,0
0.5408393669628585,0.7156043644390396,0.2707642705237837,0.30012094354479824,0
1.047964183114869,1.140727008346996,0.5106402479077282,0.3978191404579091,0
0.8083994975629172,0.549607588207906,0.12792499122637935,0.2717678571028094,0
0.8875694517321372,0.8248163361011663,0.12980559175383183,0.3441693781262444,0
0.3541822762468785,0.8390820179586012,0.12168159152980057,0.2145194401830312,0
0.9799076939105081,0.296399128259767,0.818020718637062,0.36200105915139913,0
0.20938553203527965,0.3674894100993995,0.894493625041225,1.0412661149169142,0
1.0132418510236907,0.5369018825803002,0.8348936502277107,0.32548272495740305,0
0.42246250328711454,1.0859694003732316,0.11430211586180965,0.1940593839399149,0
0.32867488066063,0.1291854242612017,0.299578978598777,0.7413457170666613,0
0.5635670056517477,1.0819388821846723,0.9991879179122849,0.47599908686766357,0
0.38536577677442174,0.5176616489839936,0.7493244367662885,0.3948700049051639,0
0.7865637986340474,0.5503528174103645,0.7072518989371782,0.5797391820488483,0
0.4239123354961094,1.1432986376583723,0.9399663735757368,0.2541244933430978,0
1.055314773487704,0.6361743180744649,1.0840074495835004,0.9798407815420466,0
0.5677348549161567,0.12471623915212915,0.3955450953234406,0.6957976361269536,0
0.7968260418087619,0.3836764539765225,0.2532916814801065,1.018423260479229,0
1.1828423987739074,0.6782592005329543,0.2888472144331338,0.3995380591713058,0
0.12022974420221341,1.1057286872165488,0.22952619117915524,0.7341681230656788,0
0.4014607427559266,0.7095958027673727,0.8165624271870505,1.0127159840779216,0
0.3270633989366635,0.11209541152432853,0.25057419307568796,1.0900205060329156,0
1.0612790853187666,0.757154412387339,0.7605685464770187,0.8315403420008809,0
0.2929084064857945,1.1058531405174556,0.5606475773812803,0.5214523810744471,0
0.6708094758111212,0.15166256345256054,0.2829117056316873,0.9118369780690073,0
0.1910785347176391,0.7634673204130269,0.369884020649453,0.5282251754461742,0
0.41756311044776984,0.491239988111444,0.8909504957026699,0.42683388718549253,0
0.7230451043265869,0.6236554424190095,0.8300382818989128,1.1305127132572337,0
0.9058293069312752,0.3364344164498324,0.13430144856741313,0.38849044872980754,0
0.7545857237702802,0.15656839483267537,0.6460028719213599,0.7565271338085781,0
0.4676682798986569,0.948003424120404,0.21725807844714898,0.18265155990938964,0
0.9010076318239636,0.6450404478268182,0.8572426360705095,0.5783100724641208,0
0.3710422365630175,1.0010125494416195,0.9793574668658771,0.8641661179398693,0
0.3993596509529589,0.7492537335559957,0.49707128663402944,0.20074028065929755,0
1.109044933008467,0.2505004940108575,1.1452610892028827,0.5906063502537513,0
0.30364622172248157,0.6960910421161939,1.0602404194640491,0.9054473750505172,0
0.9872172626475946,0.824661703381789,0.8615042209696376,1.034115216721851,0
0.37463480974510455,0.6383674600074545,0.3433303860015624,1.1864348087963117,0
1.1384652736552745,0.1433694925053565,0.8761326897672572,1.1177731491572325,0
0.2986328796400669,0.7247397536078923,1.107037127346846,0.13734057644437872,0
0.8671622939715238,0.4270839081098058,1.1168358149141835,1.1681640696819044,0
1.1386931380247773,0.6216356383232101,1.0482469160882446,1.0290043383885774,0
0.4510105205675812,1.011807021565745,0.1407083981870419,0.7558968663302582,0
0.3530097210164733,0.2326235743550067,0.18464852179213007,0.8659176534659536,0
0.47386246014487277,0.8972434486816375,0.17189197487883662,0.44681937161367136,0
0.6934404216128709,0.9697954813228598,0.4506277532252768,0.7884805140807098,0
1.0745755230598057,0.777449507000535,0.3562554222289971,0.12684085971219183,0
1.0571087612910228,0.12339635193542586,1.0621718399526192,0.681830847429933,0
1.1329744683641858,0.9786615593510318,1.1977275215866712,0.4857829969968811,0
0.9439071178242394,0.5421240049701663,0.6278631823342996,0.790256009540207,0
1.0610448256049725,1.1824918161192246,0.9451007552509699,0.5595434603840671,0
0.5634927025047771,0.9113405317477805,0.3626548603451325,0.2215215244445341,0
0.4900843734048541,0.4159628908194899,0.4259389325015891,0.35696852615490093,0
0.14630250859999808,0.1196613282067552,1.1864946287096347,0.5705504471094486,0
0.5227593118756498,0.8476120109623767,0.34007927665157056,1.1449573023452477,0
0.9649795158571072,0.19835210254348545,0.5593388533634212,1.0670301383183811,0
1.1392052245205513,0.6141416623748566,0.7747525281317784,0.28373734070128276,0
1.1902854887506742,0.3548388715217877,1.1370049515486382,0.8146113138916052,0
0.7685104743667449,0.6639573621181594,0.3537367928895345,0.2941808352060591,0
0.34253482997719287,0.30508208835867995,0.9575429209234285,0.4851377850834031,0
0.163626944219736,1.1660128931548923,1.0721644734597682,1.1205275115147342,0
1.1943986049110789,0.291284774141436,0.5358662207929246,0.9340623232745003,0
0.8656226798591713,0.2692854969738405,0.9974164374896795,0.3468846290203267,0
0.3461993763048854,0.6906718651827548,0.7522339283258733,0.7380948286215921,0
0.20063552113753036,1.0652069488934184,0.39216004684757666,0.24246641341108457,0
1.077622887855875,1.1512166480527286,1.0483403789919956,0.9904676821973658,0
0.8207661787029238,0.7059431076700532,0.19568543590255116,0.5492985343777685,0
0.5099573687135454,0.38572916213635877,0.8957621250574433,0.6454633085866478,0
0.18915083749841272,0.34220152214479244,0.8515846400255555,0.1837439454393302,0
1.0363276054536454,0.6446611797153716,0.6286452350593127,0.7516485631254692,0
1.007149062517664,0.48259012869241236,0.8458177678149698,0.7223051603953701,0
0.39373109718636345,1.0664929849906737,0.9771686237676208,0.8242970181242679,0
1.035639902003666,1.0540236210557825,0.8791992743865381,1.020714661200039,0
0.8672186078362119,0.8481548489363303,0.7804725160367026,0.9279883035134052,0
0.27446561582238105,1.0689578351188211,1.059027880519755,0.13217201133801507,0
1.0083984256212388,0.2417568542207897,0.4686307396850561,0.9178590819207685,0
0.276835885653139,0.9997637265309682,1.015347595753516,0.6582145071369198,0
0.10702445888851694,0.41574194649240404,0.7786196102133163,1.1793047958301657,0
0.7949948797183352,0.38578393917057574,0.7974062734095724,0.6939839176874409,0
0.9578299346662579,0.21767870270965423,0.9371306927522307,0.6953932365437212,0
1.159291204244894,0.47605938264255465,0.7958840824473429,1.1252309160610192,0
0.21276070078974718,1.1309513359600962,0.8566742945308946,0.17462076501568907,0
0.4310599236414978,0.8789892975098096,0.17408566161564887,0.7403875061939005,0
0.4804713626482524,0.7830070695442247,0.15031623719376414,1.058690486767614,0
1.1708378660951366,1.1657656408142605,0.924617014917217,0.24309486414369516,0
0.9340895155219248,0.12704560810468166,0.12433590668189698,0.4559712410644954,0
0.6375075094451322,0.9474481595885724,0.8516249142671556,0.5904929770144232,0
0.4009893329098324,1.1968369501734821,0.5687994324595702,0.5965257267626429,0
0.2799862033108361,0.9742905036249222,0.8630504483596374,0.3428465740676364,0
0.19061915017742698,0.8485492322821843,0.8199623357092487,0.40058547969803027,0
1.1459499184754514,0.26616368095899023,0.5755682811468621,1.1379775121843587,0
0.5617000486187345,0.802378542430494,0.5373538377590736,0.401636722583537,0
1.182375412755811,0.5502674069465473,1.0835091240470478,0.3529500664801948,0
0.3344151744275916,0.1342474911729625,0.8168335079134734,0.5053789780961372,0
1.0507940748236007,0.6205308973607128,1.165012770706194,0.30407806727343323,0
1.0554854847511719,0.9542565380709158,0.9480140291084571,1.0292615509285763,0
0.9371263900372987,0.7888423537945568,0.24436936545062632,0.1357787974403771,0
1.1129326325972555,0.7783153459728117,0.9761910200737938,0.629674586663805,0
0.2290390078586339,0.23770437142280548,0.8541218159518684,0.5733364843894089,0
0.3205771993703704,0.6407540014155805,0.17062983078264748,0.7401685421058386,0
0.39589274487860737,0.9773150107009069,0.44139815481593114,0.6007421639899813,0
0.11278259389891071,0.17969157657401474,0.5317429120473532,0.6279327181888358,0
0.760022602931234,0.4208288365802335,0.8644800747391966,1.046134636908125,0
0.9578360877826847,0.14358070788319285,0.6285576419836117,0.21542319625999234,0
0.3662495174487802,1.185328852593861,0.25674509719166455,0.6487769687964916,0
0.779971307749931,0.8727114675985143,0.7156135518356054,0.11074793216110203,0
0.459107439068391,0.6694828077231825,0.1966531490593167,0.48568962433009877,0
0.13652341967050322,0.1864363468705228,0.5366156038217557,0.24598732944736637,0
0.7242949330877139,0.8584114660509922,0.980645369019991,0.32016526866929107,0
0.2842308404849767,0.21502462436784026,0.8000732744980003,0.8771232991355912,0
0.13474475930820623,1.1298334708680589,0.15716841201661966,0.6954259688311775,0
0.879966571396008,1.0580660361206942,0.8854956253456705,0.9819008913767708,0
0.47339521179708666,0.9963076251211633,0.18812633102314263,1.0842983216665802,0
0.7023516137691098,0.999027546958743,0.59755011297013,0.8079354647161774,0
0.6790429270297245,0.904748473930865,0.18979298023364854,0.1663872923896202,0
0.37181355741116107,0.27549914812450715,1.0589619232514218,0.34113538609384875,0
1.1734517814010443,0.4705853709482175,0.3003297072575692,0.9686683578567269,0
0.8245785530509636,0.6480152880984528,0.7108999060313943,0.8911219560994901,0
0.3513002154644286,1.195967307662416,1.1722724783614613,0.8153582549816305,0
0.31949669602205966,0.8482510666744203,0.17941824987709343,0.13371775242638667,0
0.383451177362335,0.6088852524132479,1.0550997559492186,0.8998859767429387,0
0.9169771733199791,0.5680426678928828,0.48052849180165913,0.5081426392830629,0
1.1864145201096636,0.14412011055373072,1.0537346457346934,0.7365429494296326,0
0.5824769611085494,0.89778342645665,0.6353358355671731,1.0607655618898266,0
1.0907720504123843,0.563893019560801,0.40451057695855674,0.7515853614526984,0
1.10359968017836,0.3317284079062332,0.785263241919831,0.7947162421017725,0
0.906424324656809,0.24472445363998577,0.8874074611502973,1.099935772732205,0
0.29765141975726617,0.3612976574162654,1.1685346034458035,0.2990746479804387,0
1.039823602706537,0.6415056420928382,0.3719541818434947,1.0578248913997625,0
0.589835780502932,0.6662990893226591,0.4951567063397422,0.7522459365784201,0
0.27987625984352504,0.5301896903169367,1.1663535545688162,0.3839467759712403,0
0.8224103309954213,0.4577090706471644,0.9508204382552606,0.2439610267901848,0
1.166803149586399,0.5991684955220031,0.3596555096811104,0.18084642206301393,0
0.2867336955962948,0.6717513434116194,0.4707034940744149,1.0117717024708703,0
0.5739762760279865,0.3735856998463929,0.7788594852644329,0.8774549385739903,0
0.28374609869104483,0.2843811379171494,0.14033856962689728,0.9100422165722044,0
0.8301849803839855,0.6220939633247952,1.0285874938661168,0.9862371682450584,0
0.7438898008364273,1.0550984085645845,0.326425331040445,0.22311158133750064,0
0.39672457266868855,0.16279554169824634,0.6842864808011351,1.1302662615244576,0
0.14327789473536062,0.23432090541102946,0.5974189311117788,1.1272625192806953,0
0.4477717154744255,0.6579582895572316,0.1457301449554313,0.2631775210582977,0
1.1852931352547316,1.16163056607965,0.10543397902785058,1.1469929639655627,0
0.8030319315970503,1.0547101239720242,0.600213841197245,0.6671556314371752,0
0.6377312382826121,0.8335506833007147,0.2536163802319442,0.13297094885994576,0
0.43872293575030996,0.8751488390103113,0.3220387973352432,0.8407756766574089,0
1.1669032507179975,0.2032907873683602,0.8398623300476388,0.5881252412350282,0
1.0549564798152558,0.2948647683921245,0.8618885474487809,1.0219268186129211,0
1.1390756414214256,0.8515728311186103,0.64689224040927,0.7796319642213351,0
1.0557954829265899,0.7276707213027126,0.13342576566652053,1.1240435650576754,0
0.8584794261347172,0.844164724354971,0.3372426676374889,0.8247740172559228,0
0.5332508462195743,0.8163562747456412,0.2172523333387898,0.8236298350633395,0
1.1993550983477332,0.15303324274661162,1.174891602643449,0.5475987567951576,0
1.057828795370985,0.9606240324641007,0.7237178870853345,0.912294130176459,0
1.0663671174314826,0.5445543538161363,0.4597364777195625,0.8343527241199431,0
0.9886305361353843,0.9385136482542772,0.9775950137444978,0.5791416462942263,0
0.9996176377925237,0.23222996090766929,0.6989380077569344,0.10633452654793374,0
0.4570444128902973,0.5031076883585376,0.5357899607701809,0.8650139273588483,0
0.5274139113973803,0.5935629848847837,0.3612985439617602,0.510576970792274,0
0.3499965899894666,0.180515516145288,0.7637934527195156,0.8350340784105178,0
0.7814393806105758,0.6098434481806295,0.5177643581971527,1.0496670145290077,0
0.6709899636498398,0.627100065392704,0.12820627238707927,0.475372610388772,0
0.5182151806644427,0.5387050589865905,0.7381896061500655,0.6869628013995662,0
0.768695602072789,0.941371587696341,0.9942843125877027,0.8899353838491437,0
1.1510760655504282,0.1200558409439978,0.3153557842519007,0.10831916247595634,0
0.8122221855700632,1.0878336038449856,0.3678305262339292,1.1197379992759373,0
0.16629412931851695,1.1278796294860658,0.48678495596359783,0.21156291129413818,0
0.6344589351049581,0.3824542244925587,0.41336019215811504,0.43801896141891516,0
0.9833284876159296,0.6930774043427799,0.442438469071604,0.7713671616420101,0
0.8877657416455128,0.3998864008068871,0.5549040116778866,0.2340747026706423,0
0.29926428448814835,0.849229639361481,0.29958218246518964,0.6776797220337661,0
0.8799508878946758,0.21756461540421823,0.7240434415917938,0.38221906207150014,0
1.1592195627613378,0.6319002113919171,0.9865918047526738,0.7052491963718879,0
0.14775378614030107,0.7964665131534244,1.1465436764273227,0.7617730021609642,0
1.0011077453694692,1.0726271096832485,0.3508877491438257,0.33324932389904927,0
0.7720790877360908,0.5521313167873751,1.0238474331533922,1.0900254357378123,0
0.48876351723298983,0.3605576148719303,0.9585780667682479,0.4022866391029497,0
1.004875750365046,0.566112079013639,0.8343048892206174,0.20508884521813497,0
0.7862452571442302,0.596944446610952,0.7452693094930214,0.2848156285193497,0
0.9105611194386002,1.0490767852975513,0.3384137800998532,0.2052860110721779,0
0.12600244465097005,0.8061686504875925,0.7678034396976587,0.7013671539854769,0
0.3551418057275729,0.529996595496066,0.7539239687047903,0.6464435447450863,0
1.186564072236376,0.2500837278124064,0.8646590094523531,0.5447506449147212,0
0.5710195764181761,0.8893575422239938,0.8616797664568064,1.190381593072407,0
0.24123371839953775,0.21452061432258296,0.8967726988416151,0.7362256087070499,0
0.40157673321578646,0.18736130588788524,0.1942240745560736,1.08360996213053,0
0.3110540571906172,0.4557087183270728,0.3493220424496868,0.490495936415131,0
0.1763662270207027,0.6709657699990973,0.1743738199514364,0.9803921586045976,0
0.3570832901014763,0.6940131060649616,1.068086996317604,0.8159651059519135,0
0.6862535652064687,0.45676712842691314,0.46630210436401764,0.8364356507180091,0
1.1935532973432843,0.8280231088343164,0.7135617591070273,0.9037155612631705,0
0.6117261735120899,0.16615657686086371,0.7185264974657007,1.153387812955918,0
0.2928332365934256,0.8590053799027322,0.3210270575249621,0.6894104529203893,0
0.20634409461139158,0.5954080298840037,0.9317796617847706,0.48232867666288026,0
0.8314028969359397,0.974994956868702,1.119895601427398,0.3581062900409989,0
0.5392475073902389,0.26765761466345916,1.1917318523742126,1.1197010647167247,0
0.6939528433086154,1.0262366238140632,0.6730537749992463,0.7859442568030356,0
0.19803687532761827,0.9307974625464885,0.2404848319987583,1.008674393277781,0
0.9602308964374243,0.879619167517274,0.13977641857723833,0.4334411915398614,0
0.3894238269019271,0.4961500482186709,0.19640702144022237,1.130653605334169,0
0.7091824647836138,0.4360767417238258,0.5366796687817117,0.5919227945553192,0
0.760653766696679,0.6672473704661475,1.111331170535859,0.6466598311964132,0
1.191373816305644,1.0365674535196052,0.32936156579306936,1.1236547361083078,0
0.2280030376740237,0.9991946793403106,0.518685622824238,1.0657717524895765,0
1.0548623591181954,0.9865179401293831,0.9690334799377673,0.43514705300784484,0
0.18901121135637738,0.5432781966416775,0.2908769664851595,0.8644461977927078,0
0.48070969919156403,1.1731712209459064,0.8050692850798651,1.004728619997797,0
0.24577714001603326,1.0482159304998848,1.1150329095647338,0.6357681107008294,0
0.766878231526075,0.9412907809932949,0.2923224899864538,0.6528226841097866,0
0.5385293305495443,0.261011391378474,0.5042878645206845,0.1749895403240429,0
0.12839309764443568,0.24868291807030501,1.1594266227480912,0.7044824894845185,0
1.162404377268542,0.5757476661631451,0.44299774639378553,0.6567560491242684,0
0.5834628574962011,0.21623115268791832,0.8049089461592267,0.33764200076055956,0
0.7815467503876125,0.8152212016379686,0.2672273384415129,0.16748458982173497,0
0.9588377446752837,0.6057804661462521,0.16398017505602336,1.194352948886744,0
0.16355861709600328,0.8645387517444084,1.182046817789755,0.3630981146375182,0
0.25647430555591577,0.23352343336467177,0.43360266232435507,0.21115039211171135,0
0.861377475863545,0.16852097794306897,0.6603643409647686,1.1963665392382745,0
0.9953672964566206,0.7767413820541119,0.4368789828652728,0.7862854199208023,0
0.6797456103028167,0.5686917222794086,0.2437814144142194,1.0752646367645133,0
0.5947631137034547,0.31408476300284155,0.5045352859650185,0.5555427277818197,0
1.0102916851235617,0.9069758186175422,0.9462353830054736,0.11213439087151195,0
0.5577693979977376,0.6294785667988559,0.12111150450536236,0.38579452961953764,0
0.9363188054343484,0.25082067630189897,0.6888411445978507,0.33672205921896126,0
0.1133328521082826,0.3653216033594956,1.1734611304010591,0.9816908230712884,0
1.1555343087531367,0.6366394483189987,0.22070981854525384,0.7027554378710622,0
0.599815068015957,1.0287927910135775,0.20789083886266904,0.6370652507239559,0
0.2650535311633827,0.45714351957906596,0.9110927851265795,0.6236199423056431,0
0.5134771136603462,0.5339239064270388,0.6053914452465852,0.9635181982207625,0
1.0812931578342577,1.1508681551543212,0.9655937248808245,0.446947585322814,0
0.8569481766951963,0.581363436460931,0.3801376842506563,1.0249587373685147,0
0.1422689838585575,1.0919381913489659,0.6076252110872075,0.8009216244891084,0
0.8252893144263609,1.0846295147771898,0.800336650383928,0.7753269432360679,0
0.17331724461675896,0.6702488241397244,0.26518590089874583,0.911177145593634,0
0.6634441128939418,0.8482505571291885,0.1458401906626227,0.19327121765038352,0
0.8879557268689504,0.17929276959854068,0.17838240054178445,0.1133193227583762,0
1.152151538129428,0.9112591954049075,0.4885765493522706,0.42618913941642067,0
0.48467355272043444,0.9521188842992999,0.8275076721774557,0.3037151246542147,0
0.29152026886749277,0.20823521468473705,0.8263329916714719,0.9408099284439094,0
0.3915510711575044,0.1230394571340041,0.19038883422407007,1.1646460383295334,0
0.4249892552251623,0.9461454626219469,0.7871299257396901,0.5201336036181854,0
0.3262559884151106,0.23352505997534706,0.7765142648427532,0.9520971587015666,0
0.8082946788952436,0.683332346574074,0.1461463457747999,1.1653376553538222,0
0.9785856108200319,0.4221042403710612,1.1779673622947358,0.7620697485999542,0
0.740664924027971,0.9228804973724852,0.9929467668991512,0.8221264680646528,0
0.24090532100282003,0.4720942565939482,1.1208920043586548,0.3470771730282371,0
0.5093837262212646,0.5752845712386155,0.5833454886638973,0.774233540743978,0
1.1373834215191783,0.36476198301575546,0.23365151393100986,0.317217538845931,0
1.0756173902301964,0.8103918939207265,0.4144974681630761,0.9975416328654788,0
1.0475069959997796,1.0311657725593057,1.1108191870035098,0.3774651221906977,0
0.930546121620906,0.6065934470015539,1.0261984081790676,0.9013397448777744,0
0.954092191149697,0.8217780214491786,0.29517164641667754,0.6995296107866321,0
1.183136713476959,1.1311268731468307,0.14749110937671284,0.2812962973023808,0
0.24490165080001808,0.898577900983825,0.9995638628426394,0.3348625029417391,0
0.6564379622470118,1.02477333081232,0.9060816992428755,0.696460926041033,0
0.7493824595046501,0.6591966016079078,0.42730329645070264,0.7215241921449176,0
0.8577738322550996,1.0606552074468885,0.7999204893771727,0.9372336907474736,0
0.27607879845003025,0.6077132218617688,0.11026478180980263,0.37134675097378533,0
0.8991078866243052,1.1909909464842998,0.2090959095459375,0.5416437474474171,0
0.9800780655690753,0.32443919809178867,0.7105934442325148,0.9063784256326421,0
0.7775839952861968,0.30682720807695774,0.49092302555431333,0.9621709629339368,0
0.7096491655452182,0.10575257489720402,0.9370898360309031,0.13884249043426297,0
0.9203071610043553,0.32272861618176113,1.1538808281313182,0.5047348264322928,0
0.45962477797188694,0.2637768553656891,0.43616463703923636,1.0643158380110205,0
1.1959677713899721,0.5051404835575332,0.5934716940499968,0.8942780320230106,0
1.0748153585115818,0.7523487676054624,0.5306782679956122,0.5538840249334861,0
0.8651799611464874,0.10354008996470655,0.7815482712058246,0.49104231148549304,0
0.9736170644047926,0.20228970380544536,0.7470224936432295,0.629070178874736,0
0.80655807849575,0.1713389539312652,0.7379821661709444,0.717633046755476,0
0.7167261038577879,0.7638364332561002,0.8441147309489984,0.9854878996488466,0
0.39680279214103575,1.0075543511980682,0.6480812504897989,0.18476410704776428,0
0.16440602216837713,0.46766215056566685,0.9633866748226142,0.8784490282150073,0
0.9674764611396469,0.6689959620857702,0.5842188977510395,0.26219777937691235,0
0.4610120289702426,0.5774213027912627,0.19746047264757893,0.3426731479823324,0
0.7580478234701126,0.9092294256631087,1.1981822625322445,1.1264246644779135,0
0.8068217194887106,0.5633728586234792,0.7997951011790558,0.964216779888255,0
0.23016981001572603,0.550895378665917,1.0237825141991788,0.5222162471263484,0
0.7290594983499051,0.7465462969484179,0.3029238784470033,0.49845898581751713,0
0.46796241761612534,0.12881637938527127,0.12661094028049077,1.0148667480433506,0
0.4003778909700936,0.6698866428626968,0.4285981309476503,1.1347471696268745,0
0.3852264347523511,0.5726224940128285,1.060003275533062,1.0261269234709893,0
0.304711559630905,0.9829076407752814,0.6040055754116819,0.6312657592938906,0
0.24682796965753814,0.1886616651328371,0.9007332376711416,0.6461072675908296,0
0.5805357728766974,0.9024590515176363,0.9420641888902206,0.2747989844362889,0
0.7712476644254053,0.24888949050545406,0.9265125946319501,0.8226506718938533,0
1.1522760831918037,0.1758538179920633,0.16276019326637975,0.4104057821625201,0
0.3878762521094965,0.37167667897919976,1.0968800385731403,0.3745008198344567,0
0.39914469874149405,0.93533808865976,0.5947138266955939,0.9543816126506992,0
0.17190277332082377,0.6363283130407227,0.1369749602016109,0.16891852380088995,0
1.097081198678852,0.2531699082293547,0.6856627505027387,0.5522051628607771,0
0.48207765888472687,1.0898166802559996,0.12400573645303845,0.8301686547931479,0
1.1597338776349053,0.716185001808026,1.130504708236401,0.15748366721462614,0
0.5606726509815775,0.38617357005825625,0.9039030614788026,1.1794267995469714,0
0.3821830686886726,0.8195920616214818,0.3179073960357141,0.7218632800287708,0
0.6103257353571697,1.1692058625946908,0.7693799999661131,0.4844570092955006,0
0.2255053633767267,0.266371511608428,0.34784862294635854,0.3760633274743278,0
1.0356776636252516,0.7173450671107773,0.675730002511803,0.2262457590561392,0
1.0461536626843784,0.895095733529332,0.17443519809000174,0.8786186069527454,0
0.6978920390769106,0.18989788032145608,0.604130705681522,0.6331659158430516,0
0.2823519941796033,1.1402679617003104,1.034972908628728,0.835924571062019,0
0.6085251171006678,0.5529420957429593,0.8160708138660495,0.6999750563475959,0
0.1685004164700742,0.6637529136473648,0.9870439789561233,0.6051638653566538,0
0.15715223530969524,0.9649060193224362,0.3215001603495718,0.3844829183768427,0
0.28117698877552544,0.46323657135864726,0.9324266562574984,0.671324445454331,0
0.32536940156578376,1.0656130859672448,1.067540040446682,1.0576362675506075,0
0.36267583251969315,0.5963632785990869,1.1834886217549625,0.9492137239409892,0
0.1298841633481158,0.17172505038654123,0.610324514493566,1.100142226447716,0
0.6925719777479855,0.6475937588377192,0.21602106995229364,0.8224581151967233,0
1.004313476660248,0.5184620082583186,0.9531730360178601,1.1609243192908927,0
0.32414310504045796,0.6756625943142154,0.4158517538930331,0.9721398609372232,0
0.7353527024692732,0.7980406593053341,0.9777055755774834,0.5355675199287003,0
1.1065990752477475,0.6863317539707539,0.27375030511888276,0.8654890299856826,0
0.9725874854820797,0.4484378447742793,1.0428971826986282,1.096757580242343,0
0.40459493611558983,1.1818736199867441,0.25478268085363426,0.32221723524273893,0
0.30264732316182874,1.0833886810086575,0.8197218075574579,0.26731471154450015,0
0.5843557602051839,0.7768278275767821,0.19181049348832163,1.0706580052480725,0
0.9839638889856885,0.655727450934302,1.1638392767850874,0.5595370772026096,0
1.1825213509401475,0.8347119986839897,0.7981384005793355,0.2825503848253635,0
1.0701205341351083,0.5702386567126766,0.27845674636072726,0.11386827197333495,0
0.7157312520022208,0.6801395843349438,0.8912889846060743,1.0792838583195823,0
0.18734724310733247,0.9046461393743984,0.3061531385073404,1.0439947584728804,0
1.0009698652478216,0.6948731304840987,0.8812670784856426,0.44578512450212315,0
0.618284688826096,1.0038005874815188,0.6051917168905352,0.49357809185798596,0
0.6436336919753298,1.0110741776809402,0.46872885210796,0.29113775244931817,0
0.8832154223638587,1.0085760339788898,0.21070122637588667,0.36386152403153915,0
0.25616918873709327,0.48273555274038327,0.5953860767959539,0.923708970659637,0
0.8162623433698414,0.7830214242262742,0.48761244127061976,1.025592308393236,0
0.618415884137981,1.17701543181667,0.7975563521253104,0.238891215720953,0
0.8437953182829773,0.4576144169748688,0.854959916354707,0.17660526297864632,0
0.2923695808935553,1.0413109847963649,0.34989751272586633,1.020745237767234,0
0.4072036972998514,0.8071701010645783,0.863565630860814,0.6639202284595581,0
0.4358417443664043,0.3339088140082057,0.13650829001866885,0.4343410413647961,0
0.8184790695844112,1.132135300293331,1.0583249304893572,0.9426712541888327,0
0.9672920775786285,0.8314833938235947,0.3863155433226033,1.0979145337764127,0
0.8378055430964173,0.7164846940784838,0.22208841613482916,0.5917610981870679,0
0.6063940983221189,1.0510199704749368,0.7013130422065672,0.5184406038674506,0
1.1744803613617252,0.22179265265894724,0.564803271143139,0.1462271426885458,0
0.9138945328436233,1.1098842074190656,0.4080410625055384,1.0441758444790328,0
0.42144005350808755,1.1018471778083068,0.9293580939564622,0.9853974545255824,0
0.11980721116049996,1.1590913927814286,0.8993380912773554,0.4352262049247466,0
1.0123341313447316,0.40967331825642295,1.0600292235227406,0.2238384294531307,0
0.8740545752068752,0.6947683243094013,0.2061879172149849,0.36608321108472286,0
0.11364443990504627,0.6156447620109563,0.4313917868360003,0.7581932327275346,0
0.42696158847947885,0.4299110226576831,0.9175125186047636,0.1529571195761888,0
1.093184494711186,1.0374902618302995,0.834585151549047,0.7525437271181227,0
1.0815327479536174,0.30386319748158586,0.18686607840991148,0.3634611869004919,0
0.9740361065702091,0.13813729339913167,0.7410875185918385,1.1949812678104408,0
1.0412657032212933,0.6735902579479484,0.17000500021530657,1.0145108658242807,0
0.7588763589949314,0.2264262967655235,0.20324301330569183,1.1005895013802516,0
0.8361202892318862,1.012215479248431,1.0668767903104939,0.7289495872531544,0
0.6691909869305454,0.5734701513530892,0.4486412465702312,0.5780555569445829,0
0.9512676213031719,0.7621157741166447,1.0817756189503307,0.5877180158171065,0
0.7677985365906294,0.7944383084011875,0.750866878536958,0.8728971503940679,0
0.36117681521228684,0.6636001553003696,0.21464728308918243,0.5229624604092937,0
0.6364337754833908,0.8174466855000196,1.1455841578448238,0.7607161732031914,0
0.9179533077942157,0.6568926654447229,0.7975144345139643,0.17802543774715077,0
0.3798307389260317,0.49803840252565257,0.6197426905071648,0.15021362005262212,0
0.25402650730864945,0.4044957385704363,1.1686859599911557,0.46448170781335585,0
0.6302451639232907,0.3157074840122322,0.771858078183345,0.4087515370675717,0
0.32769183628226944,0.6682298912905769,0.10605637907646291,0.10843043591414786,0
0.34097569001204353,0.14039349875090326,0.21882832954376052,0.4727467142726267,0
0.982844247537794,0.7292535077062309,0.663934498552058,0.42283770552893374,0
1.1249290913760979,0.5367165453609107,0.19580204347534863,0.7787731677295813,0
0.22522223282426154,0.4797454570818612,0.6581531325895896,1.0616447771536932,0
0.6429012383741305,0.8724846426348306,1.1920985228989773,0.24463803188777977,0
0.4022046780714714,0.534033683157411,0.5640109963927145,0.5521231827921003,0
1.0983721028122104,0.885435908913542,0.768695735499774,0.4403099896490602,0
1.0061694226434241,1.1505665626334878,1.0033181108052491,0.1017216157106202,0
0.8000415072017476,0.1562489195863108,0.38336794236709404,0.16547717038254883,0
0.7641749982443264,0.8552489048418673,0.2259364018724956,0.5222227713494774,0
0.6018601598510961,0.5059583239370082,0.23312750053371234,0.5608425692062229,0
0.9262958525892598,0.17810843098658102,0.1881980154900938,0.49024842101958255,0
1.1358982827808175,0.8354299113952054,0.8465369523398212,0.4981119899216514,0
0.7530268703293922,0.11114430243051772,0.7997056510504963,1.1046156423338604,0
0.773830815179301,1.0610684528129795,0.8963703610127031,0.23261425804405927,0
1.092698638014426,0.17308822879135238,0.68736421980254,0.2563508361728034,0
0.11287727180399448,0.5642376861404028,0.42454477841957183,0.6346005431773633,0
0.7349198754080057,0.1481129795398421,0.2353036246361202,0.7145066360954678,0
0.47748408848992396,0.9020908363043927,0.8175208134511335,1.0301647992888974,0
0.8617421093361477,0.5729241851291629,0.8402632846338756,0.4029192916809603,0
0.4369448486560339,0.9678836759128725,0.5910614680417403,0.9782183745701876,0
1.0046646110351063,1.043318571427412,1.108298759425328,0.5740837425646258,0
0.45075350015325266,0.7404186212535252,0.5082896657813903,0.7611815834802561,0
0.876144448908207,0.8572455203413505,0.5120081757221334,0.2835462218686281,0
0.5735822723084283,0.2568535584900996,1.079106738702189,0.48046520681164306,0
0.26990572194565615,0.12799253589632598,0.8104046249151325,0.8005925492002175,0
0.47466458323942085,0.1788830777324161,0.5505917843847552,0.44233924456973295,0
0.8448327037085102,0.7663571743979593,0.501053101017294,0.3396818096804891,0
1.186839562771151,0.5994017833157264,0.8571016593582607,0.2546082643361969,0
0.6341486696253374,0.13029039185641203,0.6560006297014949,1.1604191478294725,0
0.5226273842843802,0.14289561383240273,0.13405137001127787,0.5267854359415564,0
0.27602743010951347,0.1256873059610045,0.9318349753451944,0.6043753097700797,0
0.41816924916991993,1.0900915013181287,0.22775285622057817,1.1515107118508512,0
0.4453633891150881,1.0772440395395493,0.7632371641274076,1.0093780957156362,0
1.1824144795315106,0.4172459816006203,1.1572490339483523,0.5284300843926624,0
0.5240630952106144,0.47442581467995626,0.6955483680823437,0.2695595474963358,0
0.7090826338938122,0.6958752936510043,0.9380919938653569,1.0170149581313441,0
0.5844854853436664,0.43256657428664314,0.38526838704880384,0.3140862203753591,0
0.16341234041892738,0.47669277671818466,0.3972724613438615,1.1630591244530482,0
0.7134797088750482,0.4820047429335582,0.7385143610930655,0.25311637148026506,0
0.5884481241224232,0.7888577535631701,0.6377876149716964,0.5419566807197567,0
1.193233227789668,1.0683462383638196,0.7857465539753841,0.7263150973005109,0
0.7827265278070423,0.32144331860467656,0.5346515175907505,0.14340548617998924,0
0.6231006412355092,0.6973270423534293,0.35052470971353056,1.1604317318820652,0
1.1004000720309661,0.8943575590014964,0.6867252916418988,1.0569660756124533,0
0.2437175782058092,0.9695607737023734,0.2373028953635331,0.9736317288043458,0
0.40334432507649265,1.0647996391200076,1.1384463032079375,0.26367556634562717,0
0.6089431655719327,1.1790861159789536,0.6317481795704611,1.0499022747659996,0
0.7476046743444518,0.512862898711562,0.4143619110784572,0.32354540019469596,0
0.9379780105154668,0.5251945575053306,0.6624030084208262,0.6415580280013,0
0.7350069321564443,1.0521348601870073,1.1788132779417724,0.5483426294311986,0
1.0102708143169332,0.9409805741201893,0.7308818466011305,1.1516518579731263,0
0.32052196708124303,0.22019063134058353,1.0393581636509643,0.5830647982971231,0
1.0316657396277664,1.0823992257149564,0.16870335298097858,1.0718112392846666,0
0.5931509609063643,0.6614757379046553,0.7892517622025311,1.1190208674030955,0
0.12102770387274044,0.6245278151495988,0.8564942466736166,0.8949776534680511,0
0.8617856746908187,0.24787864234893403,0.42933514720884935,0.4945870779587148,0
0.9848809284474553,0.40663585965600835,0.33177546025392346,1.1531928209419058,0
0.10974961362481579,1.197602941250176,0.8445034287431351,1.0113162293940288,0
0.42408133598081243,0.11574680543376598,0.9116564704176829,1.0175590567007433,0
0.9145237451488709,0.25713531603092243,0.9287707144826659,0.9458150603184049,0
0.8243945672370603,0.9427275260751447,1.0305135836455053,0.7749645256612041,0
0.19746518536664698,0.6363905906339319,0.18541426813876555,0.5482973341356738,0
0.5478171380381903,0.17261082855426574,0.48370258736642724,0.22209790867044632,0
0.9890587310101443,1.1424568285609178,0.17954812278373244,1.1506267280208715,0
0.6748342592704196,0.42952224574926123,0.18454828280377986,0.6506866948774596,0
0.9739670989398235,0.8777951249933679,0.15524861261037115,0.18019201890469386,0
0.5431606108959007,0.42481954345273754,0.35562275536165255,0.4091049487995849,0
0.983831017626573,1.1221508589950393,0.545612963980323,1.0967221023457467,0
0.4536452713726701,0.6240806849781707,0.34863189759759966,0.8045236463934282,0
1.1768792266922898,0.7638424056477164,0.49359549252490376,0.8125991905895811,0
0.23521274631192632,1.0775249882919384,0.6533923458578199,0.5942847162436062,0
0.744451267298871,0.7872622490683426,0.17895338684916434,0.8508789433457425,0
0.3661248483470825,0.8853478957572487,1.0047882738226164,0.9843543583077722,0
0.7077510641486779,0.6721868815418262,0.25716355747335284,0.952880765443449,0
0.3985503184913858,0.6463649650997411,0.41270150222026836,0.24721119929966245,0
0.7925134665809102,0.1597652383051942,0.9235097575388199,0.4493454747872283,0
0.10014816230493385,0.6622420531609526,0.15153709938036344,0.40378651360298934,0
0.8776741362012876,0.16895858378405243,1.0232723415916025,0.10420191492444142,0
0.3715062561220924,0.9149944617672785,0.4478971647022374,0.2120816268726149,0
0.49625731068047063,0.3974326150229781,1.0269830923766103,0.4446827093436574,0
0.9678257189536078,1.081059359291808,0.5771991615341824,1.1009374582398312,0
0.5150498593595121,1.1604862581391189,0.19821847697813022,0.8557211931535669,0
0.6431954445026214,0.5264136860012117,0.7959830666234609,0.8742428007977642,0
0.10479959661534,0.28364839762191857,0.8843506556977504,0.833023954936027,0
1.1626522556415448,0.9371415692758611,1.1458499785044718,0.8727945516882876,0
0.42785742950338745,0.21590141447594213,0.960006249679429,0.8085641436235074,0
0.15300461363262585,0.49605551249107616,1.1524797970327147,0.6504412602812213,0
0.576002049621675,0.6034695656752233,0.3297709964056801,0.5055778879512747,0
0.5067945815858943,0.15759052220621964,0.9443243913697099,0.5581548750942669,0
1.0043978754980656,1.0353828012318849,0.33319346016852386,0.8230888303871413,0
0.6195099845792797,1.0681724117136335,0.3373147470940995,0.8455945203410485,0
0.7685273344779947,0.42483162532901597,0.2502609940162899,0.8168037365250042,0
0.9124572039455636,0.4471900781396849,0.8093158644245451,0.5346439983726535,0
0.8845275716108794,0.31913680238345843,1.0792365028997917,0.4161505561121377,0
0.5045645865317682,0.16390114728838476,0.222663433553404,0.6674480929835609,0
0.3943519444007686,1.0190282483164137,0.11616272752044923,0.5170034535391298,0
0.4710801014460019,0.12126039400936114,0.23680523890056124,0.5550069424104987,0
0.6421510428921912,0.544718721980356,0.6840314462533031,0.7546448423962496,0
0.1109162032406192,0.6105046753988542,1.1598491649763472,0.6709355081425035,0
0.8452964942048484,0.4430502437085715,0.9513905159680387,0.9502136300637265,0
0.6734256524195528,1.173615205607135,0.23810523623891872,0.1186424313785391,0
0.9471740329328054,0.9878710911013707,0.23222795203263386,0.3921411162544667,0
0.1193075997032918,0.42263947185862116,0.9504560613105385,0.6697565804838368,0
0.4829051524851169,0.5089132243969633,0.10148898828701497,0.4297805803217595,0
0.8111046158017234,1.1716138881979927,1.0317669096822895,0.12595446111008204,0
1.0884166651423233,0.9615182546284884,0.9584137359280783,0.6037953349039286,0
0.5378058222499531,0.4332073017165119,0.17226434484980235,0.35105889984306904,0
0.37126399847582703,0.6324847766812217,0.9221888472563633,0.6211908112377412,0
0.16362889439187667,1.1535687810870243,1.1369967510035235,0.963708497463249,0
1.1904606917206426,0.6989305660802891,1.1590451852785266,0.18316554467842583,0
0.5022488230875084,0.3479193948074424,0.31541639254769704,0.2548832437819437,0
0.7846550057225962,0.9594540413220355,0.7361282393623966,0.26165898054703063,0
0.9922361469268178,0.7995501778801012,0.526982276739695,0.8415433250896691,0
0.38589547716711614,0.47971142934363153,1.1092344274451893,0.4195549562385624,0
0.6169870949737302,1.079155251135616,0.8784934852942801,0.16842354878117302,0
0.26203334870686734,0.1086257498491085,0.7940139692520797,0.5924407679514601,0
0.24770233599250308,1.1537275331624475,0.6826256963401818,0.3660826235241781,0
0.6506639282701782,0.8475823660086185,0.18386313977092092,0.40217419655268116,0
0.9876620399723929,0.6056313574429273,0.7012348562355243,0.5760976024304161,0
0.14828993690730563,0.2823247578021715,0.59009580261608,0.3301040119487206,0
0.15497693152564662,1.028014630457006,1.1793117820805274,0.9724571613964132,0
1.0391634138751336,0.36617484334874983,1.1566896730645198,0.3166182748987712,0
1.1465727913980155,1.194301223362546,0.8828950863206535,1.179258104971004,0
0.726493757523814,0.38549596149369936,0.5806954742321829,0.7529170289166645,0
0.1803897182297165,0.7845775910789706,1.1792956204385239,0.30911841476210034,0
0.9718546279172215,1.0986886731575811,1.1380717521022428,1.1561491648459918,0
0.673605602593619,1.175038698790654,0.9330412278478826,0.2778385798606581,0
0.6245901171147669,0.8901642929092043,0.37207434740099166,0.8046767019037759,0
0.833260526951281,0.27896971818942246,0.7215938436980318,0.9487896020764683,0
0.648785230989536,0.11331342845371817,0.1099423159872214,0.4927322783670134,0
1.1188134752749601,0.35154445756396957,0.7978000577588558,0.3442834577626526,0
0.4538369886255035,1.0328462985616322,0.9017475864969414,0.20493920504453167,0
0.5715722230850769,0.13208674000979093,0.6289791612633098,0.8286774128711748,0
0.2303528859579667,0.41777343280008217,0.5376202880523726,1.1114841271216547,0
1.1925805169652604,0.14940242889517744,0.9371087158449312,0.5088964730425776,0
0.531704004852428,0.9296914706817249,1.1102690753599496,1.1460214539528033,0
0.7348348446421528,0.4928332752305531,0.9663039944446571,0.3761015215885303,0
0.7204814317168694,0.49443630767736046,0.8222941810786636,0.36443880418285757,0
0.31075224030830834,1.1100629953429808,0.2119840512444906,0.6565536985084247,0
0.3429380612593098,0.1428229596582342,0.13962070012056904,0.29274394931641007,0
1.0534473899566001,0.41072661837472935,1.1455050876328252,0.7397845222881128,0
0.5802756087456427,0.7380977181364,0.6683682237488945,0.9346538791330575,0
0.4107456725701375,0.4883554307603326,1.0835037327865757,1.141102164465446,0
1.081814050235122,0.5613927933530449,0.9584020533075697,0.6239693066312086,0
0.6472938373607123,0.3251481199630123,0.750243333584368,0.3047494875286827,0
0.46472116897391313,1.0405332217819285,0.3277833901319407,0.1782741136907761,0
0.17590835187409792,1.1348629725534187,0.657612481758018,0.5503532789987201,0
0.9919664391087102,1.0194085207015675,0.465410136427165,0.8629798632211746,0
0.9482350974370751,0.8201157555525499,0.2667545822801093,1.0634713918687626,0
0.6930040080096095,0.4107196690070041,0.5677510039814633,0.14132819943879812,0
0.2406534813446593,0.9421014255674468,0.10001279823090276,0.5582224113305213,0
0.6747611991941472,0.1600978620010695,1.1703859792695661,0.3487378643746391,0
0.4346185915999089,0.4343367634805301,0.35345832832908486,0.10162120429494256,0
0.9022792734967958,1.1635300497792138,0.34672283161354955,0.8293519109837646,0
0.9160859596545865,1.033267916999577,0.56489211671497,0.43322399620447216,0
0.45782464742533424,0.883883466408364,0.9984574131561995,0.29977536453226294,0
0.5080351089735416,1.092134216424065,0.987362871664213,1.1833442430387233,0
0.9296730856502887,0.5325147211307144,0.7497016173941015,0.8271156796720522,0
0.18630139794883632,0.6989466550142515,0.8802529113198704,0.28405343440116637,0
0.9586948891681127,0.7421500585655227,1.147443964267354,0.14666452802758087,0
0.39185875131101366,0.7617092672298064,0.4262159034265237,0.8858665804783663,0
0.9349058107741239,0.2127675604731219,0.6652399106274444,0.6597796111501614,0
0.5062088472370951,1.1262173488266394,1.0102569518605433,0.8669303201006003,0
0.8857592993084972,0.607887758194431,1.1130939732062335,0.8640549699786138,0
0.901879167821398,1.0478599941660798,0.40147874827641006,0.9877779942533732,0
0.31476466325214125,0.47987614746937657,0.4691714996968269,1.1763780152280545,0
1.0421909461227195,0.8712868477492856,0.899762437776929,0.7182800738428281,0
1.141799733819371,0.6458846281705977,0.5185694808568839,0.27933887062475005,0
0.9648262174871637,0.9078883252831504,0.5227905423765483,0.1277127553551523,0
1.0228970604898118,0.112559781799481,0.8740697575919559,1.1672828206986627,0
0.5814274609630238,0.358470745495548,0.8753581110477198,0.9988409562171435,0
0.7010733476856319,1.1637388027817608,0.15683559382375722,0.6552751581349808,0
0.890299342054805,1.0489045182640968,0.29718117309856906,0.9800038299400494,0
0.7079777832903997,0.5362090501889595,0.2448865314370029,1.0518253347998037,0
0.2730005289976869,0.44076664513000907,0.4190500851586806,1.0585554376099395,0
0.8399732936297877,0.9763495369105094,0.37551468867174886,0.7873615095676987,0
0.7289205814581234,1.0161134144670982,1.0966957665293866,0.1133724486251255,0
0.8414219109646718,0.15701937903170193,0.7037445315850914,0.41639600194804605,0
0.43745425947435523,0.4882543537975922,0.7834216939545711,0.4674549622356461,0
0.9059689556493083,0.5449801241312566,0.17518852034095447,0.9621358267325179,0
0.4143341570519766,0.5760435675591888,0.8539882715440915,0.46570177286358316,0
0.1622442217613872,0.5113131517140949,1.1388934409637337,0.805907837028414,0
0.8386270635339275,0.7955103690014037,0.31889135285538045,0.560167250512508,0
0.9260337781996499,0.21151018730847504,0.40563805369868344,0.40395101931243893,0
0.5752208203539565,1.1784056150364035,0.1742528013522041,0.6705710938186544,0
0.2973011502134315,1.1677441999507185,0.22463385520021062,0.5439611025977503,0
0.9116734833180666,0.8750098708301897,0.5650015005833254,0.48117658474798997,0
0.5373736164081576,0.3907038894745032,0.32586623257747976,0.6313436673147789,0
0.395387131674368,0.41620783138697515,0.8224316698220127,1.1653910648698813,0
0.7640009206153124,0.1846774137714629,0.18314197523947368,1.1465655429301225,0
0.4270198693380669,0.201273684690723,0.7589490458654196,0.7860136561192926,0
0.8133553021305568,0.39414223064329545,0.11662175263592255,1.1615169063999191,0
0.37598235026021276,0.8436289168578022,0.8772928568665804,0.7710081587874341,0
0.44419813363501304,0.39820587914047234,0.7574351109729733,1.0527051969728605,0
1.141407101815735,0.2164963848441334,0.2703114738574918,1.1392098846613876,0
0.9101887511682717,1.0712932073127504,0.3228958975488775,0.7463444582203419,0
0.8712535538592209,0.8481230739916698,0.5489668599533679,0.11693438086043934,0
0.7412186624846894,0.3784116930975696,0.5952796707571794,1.1533391165921991,0
0.5389388494066781,1.0237817673308693,0.3073946663241762,0.8397065478275316,0
1.1747076498828377,0.21208241096023045,0.10915193644991122,0.5769410718958757,0
0.2018880313565039,0.9232227846438543,1.1060035302334148,0.5774230699796347,0
0.3845828063709851,0.5778436509072707,0.895792599635001,0.10995957773840809,0
0.7483993884331668,0.7746208533761169,0.8014570715855289,0.3662242879789649,0
0.8854579957159393,0.20053063496495405,0.31919737011348087,1.06521705131993,0
0.9125954657992229,0.11512010941247978,0.3732138864067802,0.335847131292481,0
0.39788696084066977,0.372315747307875,0.1687789253171303,0.6048345682565023,0
0.9060068222647816,0.7674048971891799,0.8401588354578876,0.18926409638986308,0
1.146639781194466,1.0223410172273273,0.9855993503452288,1.0052821855459442,0
1.1259815589460374,0.6986793627250674,0.32031021965438844,0.7784619686377952,0
0.9171696430347328,0.9117091326894278,0.673593926583568,0.17530459126693587,0
0.5082242322731406,1.112843269309693,0.7428938007331686,0.6921651375812847,0
0.39573886582041284,0.5052938119082367,1.0848806980684862,0.8331093522795192,0
0.966125729427566,0.5997799653744206,0.7932719414017736,0.3732219696175283,0
0.8760069133118348,0.570361467073671,0.5868000662962201,0.8142545570345697,0
1.1299086836158192,0.170406981269483,1.0072175610817082,0.4216214214534124,0
0.5883113999570155,0.12410466165250986,0.4311506856177443,0.6528943668931434,0
0.16179368508218292,0.6402053023214815,1.11982169174427,0.21593253991858574,0
0.9408848008830546,0.5506381587135919,0.8206910859767718,0.3862602577837523,0
0.2754414887954941,0.27650887569834903,0.1775411402074591,0.30421137539136733,0
0.830641323487865,1.0698596730278587,0.9955382541502779,0.8536477408619324,0
0.22147504975221294,0.4181061909255448,0.4407875628547159,0.37495264103738335,0
0.6665062256806953,0.6891091963676398,0.49257457268822114,0.4891680746100796,0
1.0114111576966893,0.9682221331516541,0.4385754148488201,1.1051672882605852,0
1.1480965187027565,0.4594167962330449,0.48986744367236035,0.6561975687641546,0
1.1352328937870408,1.0639513764565427,0.2128247588419488,0.5320038175985577,0
0.7087083087247489,0.653445719806694,0.3132493747305819,1.0446984482849702,0
0.844634861296521,1.021699212336984,1.0446407072844193,0.9231914390323136,0
0.583131661374689,0.771601430516967,0.2764019467317175,0.8410099592223983,0
0.29717858131320884,0.8633445495611723,0.3525579768293655,0.22930643016524196,0
0.28181293915725314,0.1021913487409773,0.8906135796388831,0.9056411539642168,0
0.6664266849045853,0.27749908116092203,0.19190977126175873,0.12104186308101572,0
0.28232299466174277,1.0799410884814613,0.3656905258718499,0.48969845993893724,0
0.2158800329294665,0.3445974352229873,0.6711470278582256,0.7685279514052177,0
0.3698875455828321,0.16350537514762892,0.5301361560401384,0.3576237080189675,0
0.3415093155527821,1.1558490829848007,0.7779305345182964,0.7125662874893054,0
0.557352613875654,0.5718387667731586,0.6949955042218888,0.8660727877397179,0
0.8723607058000122,0.2888632984759945,0.6501240272842895,0.5531539045375121,0
1.0575796628963225,0.7945608133402139,0.6857544730575799,0.2269341063968091,0
0.7662016782557525,0.22892429624825675,0.4709272331223272,0.25712616129576504,0
0.8612810117268057,0.32687732521976787,0.5310453105068286,1.0852422553806564,0
0.3247480217388673,0.6585855703546569,0.5611988272826242,0.11993644515030272,0
0.9720339249300939,0.1759504969460597,0.6216805230746488,0.7167461244328448,0
0.7912691022760456,0.857494792238663,0.3785996218749865,0.11097665432429432,0
0.8957880285904031,0.6892222592823364,1.0197294735279736,1.0035271991907637,0
1.0276587845666714,0.633604125977494,0.4669912354205522,0.9707140228505069,0
0.5964235243321804,0.301786416043778,1.0404714215176216,1.070815864449582,0
0.6129407317541871,0.1832697000407662,0.5266086989086243,0.9838914254088635,0
1.0919514314008514,0.3238200167473554,0.17367097322779868,1.0650854984461224,0
0.5283454328767627,0.6959370606943195,1.1648723932558347,0.17322120070564512,0
0.813149808197305,0.18151596483235377,0.5130158213131504,0.9841959997127913,0
0.5768194560311978,1.1969005892932454,0.7149652134412623,0.4532783678995488,0
0.34212245849522843,0.48557258771477796,0.5097866011355059,0.17558504549635706,0
0.5065316193694505,0.6106623717131473,0.895011527462685,0.8224024331937687,0
0.8796422207520695,0.10920005006454281,0.33943413953858964,0.827852717239842,0
0.6323883049977218,0.10584482323518055,0.9849441066750044,0.950090530619371,0
0.7032610792929188,0.17310965835389933,0.943166554485843,0.7420849465045002,0
0.9601559748737549,0.9269216916354244,0.9833022791536207,0.6698088730450872,0
0.2543569700128665,0.8382732207176574,0.7825211635571675,0.9164785059189958,0
0.2868691066558088,0.3144727198903181,1.0794504689412612,0.9249755782972777,0
1.0990513375703552,0.9345868532803127,0.756870836589332,0.8195460107306609,0
1.0780407163340109,0.7366874299631345,0.795630456761226,0.2721243876039606,0
0.6213133421277129,0.8880368231539087,0.39803696814800194,0.3224795985769884,0
0.4452094890468571,0.36565069079211676,0.3364039007400354,0.5673359271548956,0
1.0986223652718874,0.65776561141259,0.3067124188968553,0.18466883631896147,0
0.8657717596517176,0.5210786408800265,1.0040140412438952,0.8254618455048471,0
0.9758655955955052,0.39914064336029365,0.8615948147071638,0.3904681831630906,0
1.1329753273953207,0.8000117096867118,0.4569629801928763,0.39646304852149983,0
0.31001924357880783,0.8641050547831004,0.34058717429772,0.7548335925202379,0
0.39109852961789304,0.8281658392732554,0.996433701394593,0.9558277674591183,0
0.9369364640238598,0.30649464626147727,0.19722344168297057,0.868843711336124,0
0.5051819351737864,0.575580849043682,0.13426400207273018,0.38553409420255413,0
0.1370440442619104,1.0671043498613724,0.36773635154038353,0.7130708865303088,0
0.14287725272724344,0.8335321304362238,0.4553300803295032,1.0877111056534323,0
1.0769300078274393,0.4578196801979225,1.0910569852595147,1.1957734408486567,0
1.007957230536343,1.0293584825307518,0.37390960971999887,0.7343726387435319,0
0.17398150536410462,0.20440973050383668,1.1987818732366196,0.459303174368502,0
0.9230023032537309,0.9873315583294979,1.043825598107952,1.197391127142372,0
0.3656461337825546,0.14438590954566968,0.5523106697940445,0.24308873681184162,0
0.12466847807826065,0.49646950985563465,0.96211207618276,0.7227987603475778,0
0.44405578813138946,0.8197762060419915,0.35521999833969176,0.11581959067929354,0
0.9407887250800699,0.7861173933504099,0.9385328869510559,0.14283181835643216,0
1.0208315906137173,0.7814788200399335,0.7197348857839041,0.7870754529259847,0
1.0508765715552004,0.7456301572147976,0.7390454178769972,1.1897470727723423,0
0.9324031837754246,0.5865231859962488,0.8781367000362204,0.5281535188609673,0
0.35176300873184885,0.7565370645765352,1.1210003079253466,1.122053472017009,0
0.4760958059160393,0.6804452128438644,0.3327994884268473,1.1951942204487718,0
1.1792296986547293,0.814459822678192,0.9848554656452205,0.8866101774120699,0
0.7524740409434149,0.15868279668778745,0.6002407768079271,0.8422649323841515,0
0.845284775272053,0.5104348802646219,1.1358611853238336,0.2840927354604591,0
0.6503953908371166,0.859972374205905,0.8668493864809901,0.813502852445697,0
0.4028170347970461,0.27182722555528416,0.7995343595093819,0.7592323277533815,0
0.29729161131816506,0.8756530601276196,0.600689190907022,0.8345366507634681,0
1.0211037877471656,0.28670127143461543,0.12105935479652036,0.9570128450353653,0
0.7706671676678775,0.8696035265843337,1.0219704724875067,0.9830920283069504,0
1.157012161621707,0.68952858673733,0.6373451959258958,0.5420759198798031,0
0.26906014712862497,0.7298679561702246,0.40471377675857667,1.113438263434273,0
0.7415098847048073,0.7521241985589211,0.49041712696471096,0.15718828717547823,0
0.13491814191028748,0.5656686585685172,0.19302191590696163,0.7675316510941529,0
1.069070306203623,1.0712062981705943,0.8249499511454556,0.3323550146202241,0
1.0492965144947592,1.074702778844529,0.31631894344825456,0.9111686943477448,0
0.41517150381983525,0.9829043435882225,1.196961689893963,0.1330286058623321,0
1.087102452370025,0.7848935869585237,1.1707208810813032,0.6115104692790703,0
1.032126723628511,0.16863347545810495,0.46880695508612524,0.17371819152633095,0
1.1728774468269776,0.9986712979990202,1.0378021633705674,1.1317617545772836,0
0.19361383473176388,0.5241573517646666,0.17813837794840232,0.33187241170503146,0
0.35230235474143956,0.6160179321523365,0.39541838419900677,0.2110759174995372,0
0.28424019800351846,0.26200311990729996,1.1703844777035282,0.9352217576103209,0
1.164537611796518,0.5837145351586993,0.4062053298289222,0.9781225169301052,0
0.4588793098452614,0.42932171107588313,0.35575659142861427,0.24264687604665888,0
0.38210936711844257,0.49085172332127647,0.8413936289603033,0.16882132644139675,0
0.33155763363187724,0.9899260043208439,0.2616141159421478,0.4769096611747736,0
1.051124814043954,0.27041784225778687,0.1910105191800089,0.6329917945880118,0
0.43266146240639003,0.7197492009322395,0.9841853795318225,0.25086333696801744,0
0.7387689930097134,0.6560596364288502,0.2584866646145195,0.7863983340818805,0
0.40100445964684883,0.6366177503984136,0.19049955670476806,0.6055424629349853,0
0.4371098148471023,1.0046193323038897,0.1626765996971051,0.5604680024101629,0
0.6042745665445817,0.8975066839290304,0.731716332599232,0.833933570913599,0
0.9547542142169316,1.0484232710240076,0.4452630463947175,0.6918249759002931,0
1.0241188862831199,1.188396244061562,1.0784712421481393,0.5086139888868144,0
0.3146831689405154,0.6383317911472475,0.9158055970196464,0.6418259778286273,0
0.6314989496450353,1.0220534631899805,0.49754415697390497,1.0457741422928102,0
0.5474852810468959,0.46105641624617333,0.5993889023196689,0.9386916545423551,0
0.2386022306503937,0.3160611374592191,1.1465893082294012,0.29304079011949313,0
0.7245000497241599,0.7372459133281316,0.6385869082552692,0.8092197734345004,0
0.35280939837738023,0.707928494554423,0.5093905807715868,0.8278339855921079,0
0.2553458977104644,0.7279651585234238,0.30379739092165603,0.40650736942654,0
0.3405807803559415,0.30112155785569883,1.0082820467167337,0.4142783244269793,0
1.1198361600508941,1.16691917787971,0.728386516930807,0.25730123493229906,0
0.5120030677175393,0.9775054896830353,0.5041298015667774,0.19571894013306762,0
0.7124634020210067,1.0296329366456383,0.9755190258578526,0.29263545414338854,0
0.8400410758537132,0.3425546897792118,0.34002828800738943,1.0614789506357036,0
0.3746358480142531,0.38957208116981223,0.10071872983742952,1.0577359375380693,0
0.971854294530048,0.7900618285997457,0.9252923403327263,0.267253424166941,0
0.6041559540463329,0.486341326083659,0.20315417888271814,0.6347435337364165,0
1.1128136153768988,0.14406503095576392,0.42060700484317326,0.3282950298262738,0
0.3619613190322659,1.0992780070673127,0.614875959657719,0.6129293542338006,0
0.9366332067008104,0.26994142440541835,0.6359918895100558,0.5729837355331656,0
0.7566017596013216,1.1995134735754824,0.9463937834902517,0.5376522733191699,0
1.0103083575014515,0.2877791996437282,0.13351005493985613,0.32489320971070035,0
0.4744527117256856,0.6616388332055158,0.7766420545953197,1.101666288935864,0
0.6608394105055033,0.6514032090883022,0.15526731080528033,0.1384027079218462,0
0.7062759581080091,0.5819964745731789,1.0230984344783285,0.2767475431830297,0
0.12746882832875456,0.5939426447231384,0.3612264124274832,0.1545758106727212,0
0.8970581155323917,0.22275229995297222,0.7691514500085488,0.4091547251835781,0
0.2908456553905242,0.5177266752112492,0.9815903538452488,0.5313029345950299,0
0.9258466141321612,0.23803492647906574,0.9500485616315869,0.3606266573973135,0
0.8451324428777599,0.7223597103250959,1.122059188932856,0.5260547697728454,0
0.17278170771788448,0.1210710341063782,1.0095444170700283,0.6772092014275752,0
0.952768457018444,0.3578681600126661,0.4795921200645571,0.13311425943245084,0
1.1576415570315233,0.8346546973708946,1.1265255965352368,0.3920460481719795,0
0.7726099723482268,0.8463499651219015,0.4493046702833472,1.032920158517193,0
1.1418776091902725,1.0733406294656047,0.9129736735333097,0.40521114769744937,0
0.40977764631619484,1.1596963524906416,0.11131294552926124,0.8876549705663588,0
0.8768707788107882,0.7849584950447771,1.1891197306955523,0.44306737934009777,0
0.47396905017257296,0.1868333432412111,0.5870779501981112,0.3871533788583329,0
0.4777253723954086,1.0180289692811904,1.1290329648802453,0.30430637920570414,0
0.5097598247088124,1.1214936183269335,0.16798930675814489,0.20159658092251637,0
0.2790700881268523,0.7547341175395621,0.2655194981065972,1.1648840195958068,0
0.5913859799843724,0.6516697563851829,0.3713244773859471,0.6180562776782068,0
0.8281049959007126,0.9262948506494469,0.9292548909809042,0.7356802239634971,0
1.0947957524932428,0.9991486320367202,0.9327529261684878,0.16116607384850667,0
0.10756575844161426,0.33369200491502027,0.8298759533047974,0.5523172377708003,0
0.5426468852292429,1.073045577052575,1.0851191329450225,1.1000927904589444,0
0.44526588416653,0.8601613940131878,0.3987964994018066,0.30967081638189475,0
0.3030957030821061,0.47631838294995343,0.5729533817578039,1.0140440881605752,0
0.23188020281998328,0.9084184321343834,0.6846004056082358,0.4167398769435917,0
0.642101542986107,0.4299362767547249,0.7556901507621365,0.5772283151407686,0
0.2808460819867666,0.22824138201126637,0.701365250279343,1.0926543366147137,0
0.47835345521345407,0.9063001179448854,0.8245274904337435,1.1247104057404291,0
1.0030791190290549,0.7232657847960092,0.822733548057518,1.0882251132424383,0
0.5394706630456282,0.45947417644355504,0.11189219199871597,1.0092061816106106,0
0.9810787704437013,0.21489996991016652,0.7345431192459702,0.610379867983576,0
0.2305800050600226,1.1786250497667958,0.33616547620969095,0.17395759809961725,0
0.7543321174521004,0.9127533448463359,0.13568779065190567,0.8245894025997242,0
0.6855210635465998,0.21359150976255326,0.28977626464099826,0.7247717270476884,0
0.4259933748646172,1.1321473015164476,1.0006142524324557,1.1819239271650293,0
0.3856379228454554,1.1666959960777747,0.5743572567707136,0.4822706748451301,0
0.15538447966628857,0.15804178364556287,0.8612123815413201,0.6037218938774306,0
0.34917378863971626,0.7753673369577558,0.37814393007512226,0.7353949297788648,0
0.4951296216809593,1.005907449273001,1.0027657768434572,0.6250854379346413,0
0.4859010202685171,0.49881577621500395,0.9862859782350395,0.4609974310773731,0
0.3299653110775306,0.1931571760628375,0.6133624329728492,0.6303453088118259,0
1.0249995814431978,0.34336256609067034,0.5190904010352398,0.9892463127830599,0
1.0059859718238708,0.523072183576645,0.6050364256153489,0.4336144799342112,0
1.1258103662612433,0.23050814231573832,1.127124365301617,0.8522530970188774,0
0.6847293679554042,0.13592496686294547,0.623155811004209,0.5485229155030055,0
0.27734069317263477,0.8220505638507225,1.1682659981051144,0.7184076921709776,0
0.8862286040883403,0.17529549782261844,0.5594336953986941,0.22799433368094546,0
0.7740754190901613,1.13233037403557,0.8279555057188023,0.18448335314586367,0
0.49013282548359105,0.7057297173849366,0.5435285317465773,1.0170084115226894,0
0.996138105180988,0.7730141221135435,0.5108037396459757,0.38087001113956853,0
0.21646175003444224,0.4903874518352094,0.5544897689284914,0.8434052176144808,0
0.8239758067273307,0.17711895360538266,0.5347852469742735,0.2999567539390981,0
0.2724939758484862,1.0100323647109704,0.1461067383878833,0.5611011634923334,0
0.28502402134316995,1.0672632372463213,0.7127445646025385,0.3545187000145328,0
0.652670015883014,0.9046349956734273,1.153929809811377,0.34249060466996084,0
1.0747999493422795,1.1277345255842393,1.1080625989852728,0.7989557925481007,0
0.7928027198781784,0.543531696502205,0.9276376705341666,0.684423420186025,0
0.8451818783511238,0.571303694233675,0.9046461104474528,1.0069186693650038,0
0.26107988226309775,1.0162226871316506,0.6943261849693378,1.0291324999992466,0
0.574431876975116,0.5169445339213384,1.1065668057689446,0.3762861943032414,0
1.0286335578147574,0.6324226297603445,0.6655049868063856,0.43931510963843234,0
0.7303464206809172,0.45773231590383245,0.14319635566581754,0.3991984658787916,0
0.10701694774724975,1.1761902657625423,1.1623219308017223,0.5346708272195355,0
0.9012079397736105,0.48038670825146745,0.8382024727945735,0.9859730473505769,0
1.1414318691614647,0.5402335034346392,0.9616277812516524,0.3925212956953307,0
1.1893655341730132,0.12834655864078626,0.763881687151233,0.8254565798164597,0
0.8568501127815417,0.2324263366679979,1.1323827618204434,0.29930160695509106,0
0.7850287435638251,0.34494368703539346,0.43793805872339797,0.7011043959009366,0
0.5589127604210341,0.2762481610741569,0.2880300426629331,0.5599592669790796,0
0.9330112761030507,1.0877611115325674,0.1925404284853211,0.5324142983153412,0
0.21027012009516427,0.11825172869585768,0.8278905509083522,0.7626943861632465,0
0.2793210251963748,0.35719411640237053,0.1260785290089702,1.018441926263844,0
1.1721596556534066,0.24900549047415987,0.35462273514182785,1.0552504763416273,0
1.1191101777518033,0.5615901210874913,0.15568471949598153,0.14333101706210133,0
0.7313448526759114,0.5321846197824969,0.13151767033541997,0.7415776315438124,0
0.11243279024792473,0.9661091539642002,0.43707610497370875,0.1442838033101553,0
0.7471874430814686,0.5374528558763602,1.1711804546928644,0.6986185287540723,0
0.40276309914070907,0.8803827510973721,0.39864120279698245,1.0946676205483215,0
0.5121941675581141,0.7048554190538256,0.15563041420665175,0.5687333617474538,0
1.0155998936270945,0.986213685899676,0.34675041473887885,0.3486869781116189,0
0.9990358434345603,1.123438262186258,0.20489701340030392,0.5950645033688478,0
0.4711997068606518,1.057757301003183,0.19187740614802062,0.33223853681384113,0
0.9277151713451437,0.15642323387933715,0.6417889187857181,0.586317738147692,0
0.46784129688762344,0.5340295468508162,0.6829346456232561,0.27750409422722144,0
1.9435946417686707,2.2470620280899825,2.1882092087272067,1.4000698761019057,1
1.394024310663916,1.5486266780683873,1.6693971442433484,1.7309922558310273,1
2.0836063818833486,1.2736845618155859,1.2450745154938863,1.7094837318270817,1
2.1063127997793747,1.4514659458434274,2.033955825633127,1.5377765793223892,1
2.3519119414575713,2.3643969275466015,1.5864733655657244,1.4989918801522126,1
1.7346951636861005,1.5126910607341932,2.074098996279215,2.2738840899127712,1
2.075019770184582,2.271655581424154,1.7160898108697165,1.4032120619215191,1
2.15933623161687,1.66861685668402,2.0726520727978723,1.5518371245762954,1
1.3055985252486744,2.490356334134092,1.403061960309779,2.4849472921525253,1
2.470463912336381,2.2319635350804514,2.057249850706597,1.9511491653264101,1
2.325932008991185,1.5762713781053344,1.8079855762303403,2.0052069601764524,1
1.7345476186303384,1.7557323903173483,1.6293700677527096,1.9335013616898968,1
2.3057468864196506,1.4619868914082066,2.414762950379474,2.0958139498726984,1
2.2702551764840395,1.923047900419015,2.2133717118512823,1.2210605165413073,1
2.2638945522133955,1.2521805168109765,2.356887389271721,2.489551571410236,1
1.582287700829811,1.4734141231715316,2.194972373015453,1.528934243196329,1
2.325231098123864,1.3336953698047196,1.3637417552931657,2.4728970216308,1
2.075990567751006,2.3009533917576386,1.6216281905569734,2.0794288743767857,1
1.9725143755011763,1.9840951561598312,2.087292197399038,1.9479669250678282,1
1.7577810800934657,1.5586995026947108,2.1991557301871625,1.494154159004142,1
2.1000605980007383,1.5033326694441245,2.01292922094079,2.1712017472677374,1
1.484328055578501,1.2779262911197007,1.3702658658924263,1.987796057452333,1
2.3042803280934563,1.2584958676060516,2.1543966367541403,1.6437142397350677,1
1.8220868808953794,2.4075174147992353,1.631562956156599,1.8049380141213318,1
1.2177871391888855,1.3060783360062898,1.5361690684752192,1.2362079130673966,1
2.020787923862726,1.7543178638421093,1.9125887635464287,1.4270413416652283,1
1.584711638267601,2.0629718173085427,2.45489354071952,1.265541805682872,1
2.357499617111846,1.949945561704571,1.9330954367823108,1.8503620957700884,1
1.2902123116754383,1.3168399072570087,1.981185607356812,1.6432461428662257,1
2.392448486550985,1.728567698567314,1.3862658963134333,2.129134483552647,1
1.5813594478733128,1.8831113995626612,2.107182621156721,2.3703433445626914,1
2.229848553242179,2.0792693882345414,2.0835231371136866,2.4297020372417126,1
1.5845713267454968,1.2014457224550437,1.5535409272176581,1.4832587935147672,1
2.0603849606481974,2.0238250796951878,1.9714997975161408,1.2211164761722897,1
2.147411470785842,1.6205895362311389,2.0645727857086205,1.9235519570527995,1
1.6455502030562794,1.3749491472353401,1.322744566958625,2.2809738330458904,1
2.3939168047060253,2.0447244607935895,1.3344643493186283,1.7226353819547129,1
2.1476209601367042,2.213767149213089,1.3536842089784151,1.2000399344989972,1
2.1257781596447867,1.6635750287820672,1.5308257311037383,1.216766710726383,1
1.9023892287899495,2.3064959560537766,2.4449211401543645,1.935468435797276,1
1.8687997260618623,1.3105733011360134,1.9135346420053798,1.693972802655013,1
1.98927586514865,1.7053442522395108,1.5123888604854767,1.3234548577968894,1
1.6093939779655644,1.325638284574078,1.429966036071179,2.4835370061534094,1
1.777334623978604,1.8914332964565215,2.33570408735838,2.494239570637894,1
1.957528784148086,2.256215967357423,1.6250233316376779,1.5974671446814783,1
1.723514837292928,2.0742594414757436,2.086849196031628,1.609811265044286,1
1.3731729013776173,2.022115133405161,1.3668236208453939,1.952040260698129,1
2.101448766473202,2.110794945312787,2.1795137438574756,2.334717248035364,1
1.849946689554225,2.1493239463884426,2.0049245559755877,1.4426319217369872,1
1.2333965383302306,1.569903801380014,1.7759438182389053,2.002237727757253,1
2.304947129654167,1.4551194317180154,1.3632147268680201,2.452523931716626,1
1.340457927189329,1.8220383911393458,1.9612328474312926,1.9037867471796697,1
1.3118418041428261,1.274134988204705,1.3371284556993464,1.9612639890343964,1
1.9076483539246174,1.5038630296477675,2.029106384399269,2.266087752672344,1
1.2540526478005718,1.847568926612455,2.0961035357334974,1.5280055051905932,1
1.600102176881094,1.997729273886199,2.3673158814768582,2.252901746393769,1
1.9580692848294585,2.149288233084424,1.6742692112701383,2.033255186528385,1
1.8060360684658239,1.4469169773948292,2.1122597560404346,1.9234040285534686,1
1.6662080565396689,2.3847409471022196,1.2272143531747532,1.6105050966243448,1
1.2739458171109406,2.1964855110881154,2.1127396903479303,1.6307578843572121,1
2.078361772869195,1.7147183940547348,2.183129928849165,1.7904387615577178,1
1.7359636461811652,2.415148890134791,1.5261428298579103,1.356581541995535,1
1.9599060472372956,2.4601183559694326,1.6911909778453427,1.280647792717416,1
1.6410968475024377,1.857711150615426,1.4104999086218777,2.0555328834734397,1
2.497074205713261,1.7872613187758768,1.6611471237492763,1.7209154168848066,1
1.3496900319137615,2.348255681854091,1.7392733521777575,1.7034567348522938,1
2.0575973548096167,1.7746434472104604,2.0427035094501997,1.2798801771700237,1
2.2578403468388957,2.4226551387432234,2.043395002007202,2.440935707516454,1
1.3968620086809522,1.8206410463244598,1.9823487541290814,1.9562576416475426,1
1.7219003128157562,1.6395097321761398,1.3648712293155445,1.7092651857309615,1
1.4114590596371306,2.154675379439884,1.471480216142967,1.276134896869894,1
1.9180759791624045,1.973798652535222,2.333486979664657,1.9500760961429864,1
1.6491251098404793,2.243915445984217,1.9023625611436472,1.3030643700205493,1
1.9356057284072206,2.3804241090481613,1.7152064131476867,1.58522354246974,1
1.386510294123426,1.3968791785159644,1.7626029296443644,1.9743837714099883,1
1.3048000267204822,2.4214391657327154,2.1816737026787547,1.9626110937687615,1
2.276970272220688,1.3042427838557473,1.8198905410530617,2.0191210649201623,1
2.2772487779537762,2.218510428064048,1.5601900246274196,2.4231442204269653,1
1.3616495938601314,2.3376737042074978,2.462222324486004,1.4302995801894132,1
2.138685883464921,1.252371174411398,1.7270496726809013,1.871168288956976,1
1.9548387936825242,2.416718422723127,2.073925893482453,1.825661336585008,1
2.2525775471456564,2.4356926672407315,1.228685993286978,2.47727765393285,1
1.3119717807827844,2.25870281304939,1.5644351783168362,1.3718335550800331,1
1.7718123316279852,2.0371435532818976,1.6952373985305176,1.2709350307675087,1
1.9792994815563316,2.3731242589438772,1.6981799757314273,1.481232610920075,1
1.7753505497126598,1.262871524363415,2.266633859824357,2.2742430542352428,1
1.9644006024585168,1.6590337556199062,2.2397183737795183,1.9210931322248772,1
2.273712001115021,2.0208964303579267,2.2197271151766365,1.978131891183088,1
1.738383388680366,2.4453296179039787,1.9034479723424982,1.9866163741026999,1
1.486633931239174,2.0133460262554594,1.9430899443278271,1.4402899173311323,1
1.2774632265590868,1.9856671156292025,2.1927999501554165,1.8804217821986107,1
1.4948044129155393,2.066478569700945,1.304137444592483,1.774383816242541,1
1.4123767859179461,1.4397967663778484,1.4629821339056648,1.7027191741571712,1
1.2664952673065168,1.7171314732078278,1.865219681249111,1.8282825704562229,1
1.6976193305239526,2.290890590491978,1.3889247001466554,1.8574057669157862,1
1.2806538420435205,1.2925023825412827,1.946025604580225,1.9358239523541672,1
2.341443566697794,1.9252357783580951,2.4477283265263052,1.2633033029199086,1
1.3274099902149634,1.2572856200414957,1.440859905433602,1.9036511442241815,1
2.0392438358556566,1.2592607053332694,2.429762156799279,2.2948149896454955,1
1.585596226804221,1.3003437892944083,1.4208531951847745,1.3650277378814644,1
1.360268913088631,1.874130195265454,1.5196016752414203,1.6655816314878877,1
2.486356933399619,2.0896085236029482,2.433674867161102,1.3853235215430502,1
1.69678131728234,1.9211513442670607,1.2997854804553595,1.2054436767163452,1
2.071564633935993,2.034365371841866,1.7340254529994952,1.8365372988416424,1
1.7400759007697164,1.2312065582983556,1.635983088082701,1.4302069320164768,1
1.3279514458317794,2.443736564056155,1.9791676425548153,2.1472531695075836,1
1.6099728662459527,1.7110912683422197,1.5080011920657403,1.326055372255052,1
1.432741128674059,2.236768258885432,2.0808095467389087,1.9110075387811198,1
1.8176168347267985,2.399164568752962,1.294555432112269,1.5647810572092906,1
1.6549192096419283,2.2171535558766244,2.490269006210563,1.512871669184299,1
2.336599534378205,2.2798095885613288,1.4920546169342965,1.7191323542589894,1
1.732574730080275,2.4716868690845257,1.4351594717925678,2.238905362436217,1
1.6344505284250428,2.1501314495090087,1.7460143055843615,1.951867692051502,1
2.2823953053239707,2.2454152344790494,2.32635013860161,1.2775025229480568,1
2.0996657189516683,1.3819835897382917,1.7405641384239343,1.913164939571095,1
1.72356133017088,1.8754951785439098,2.495484201438205,1.3757825078267112,1
2.078092858937353,1.7148012563012998,1.3729127385795274,1.4063577923866024,1
2.4340550381193022,2.3434819457252907,2.3791545485395282,2.4889926085756024,1
1.4708100070110732,1.6620711385732803,2.0699847389023267,1.8289433018188412,1
1.7439063933918335,1.665154624136271,1.971914821526488,1.9482714572321065,1
1.4098951842835121,1.8132617887739708,1.919513309072805,1.9413730203508077,1
1.4731393507860573,2.1649528099279727,1.2327588232673905,1.6612814122061115,1
2.2142764430963235,1.933060797372023,1.5395111622641182,2.103439055145962,1
1.9376082274028954,2.2351166922933032,2.1555327420467703,1.9931402986471052,1
1.8346309779040582,1.3731367633677805,1.5397329232509989,1.7448293147922107,1
1.9790890731083053,1.8678202117798963,1.5746398837473883,1.2084036651266237,1
1.845110988471058,1.571313785130916,2.1549907909236956,1.2311301448516285,1
1.960276154697528,2.423916508757885,1.4267320472449494,1.813144337975774,1
1.3188485893622797,2.0133864859397583,1.9156911847750933,1.729575181476682,1
1.8777901279158635,2.365547056009713,1.4551825930043871,1.2293338652169514,1
2.320164350108831,1.9502522071042785,2.3578559921003954,1.9760287904371243,1
2.2532094169476133,1.7585753723616921,2.1748179106747494,2.386953906956813,1
1.943759852838868,1.4350206957310934,1.5494368995392576,1.4582379499666276,1
1.5209141358744527,1.5983400841563473,1.9216739227791448,1.9643891183029827,1
1.7544496714144193,2.000047013767086,1.3060474032947758,1.314124708175608,1
1.423378298464956,1.8735007474524483,1.4781930823078075,1.5682697245403505,1
1.7204066870248922,2.2554259612134935,1.2180207766867182,2.044192466307609,1
2.069539490352891,2.2382525144636274,2.412578820778407,1.2261792036340768,1
1.399918817167181,2.352022682272791,1.7960741308431198,1.9339678306135024,1
2.0619353648400915,2.0827865858443286,2.4112625243114607,2.4960342426351705,1
2.1362046992102224,1.573387571966696,2.343678122982647,1.26398718890299,1
1.500405108736845,2.3666014327028293,1.5330489687711615,1.486846377508273,1
1.3795628810823213,2.3168452849409915,1.8500757369484127,2.077361163970401,1
1.5107862992975385,2.1854525473145814,2.188007208450728,1.60637743238079,1
1.7338874229133676,1.472597360659261,2.4695293303197756,2.039283350175935,1
2.41490704493017,1.594401206717873,2.2164581868959568,2.1956162370501646,1
2.099152347426504,2.4553306678468405,1.7116219369382102,1.3699325206666844,1
2.073221517017279,2.148102740620368,1.947578745496459,1.4688632610734151,1
1.855792724170162,1.6058466575398682,1.7557064866166958,2.0387841485980633,1
2.168779165498085,1.501892098171746,1.7269229688410395,1.5499100422891179,1
1.4582210980204298,2.21840338599459,2.3820285027680903,1.6813018413899496,1
2.176662601685897,2.3660938761737347,2.299961473689301,1.4376574051009936,1
2.4431794459673695,1.6896793725583013,1.6410128595259872,1.2811607254611144,1
1.832025750336348,1.3417177003332073,1.5231017672056537,1.6120254082974657,1
2.2514742205391896,2.338135245514666,1.5932062126999105,2.316307557617946,1
2.3144002185807286,2.194046235500336,1.390703648219736,2.0974197009709474,1
2.4285312839547393,2.087302622397304,1.6311019038401842,1.8507531126600807,1
2.0394425563563696,1.8637415313470547,1.3559388242502608,1.6056832580476268,1
2.2431148397197225,2.3198434599241726,1.3784900425302413,2.438102778118342,1
1.6274694032031922,2.061007860349936,2.1773726897436854,2.2555301050292487,1
2.429474612893709,1.6067954124374695,2.316058390917021,1.371192974467069,1
2.1165531782596707,2.1645710483681815,2.0810402135617165,1.5280091569756988,1
2.334956091119764,1.4195160023815134,1.26972522897708,2.1327044877954857,1
1.8181184298025537,2.303827425946279,1.6984162833757366,1.4187621650600266,1
2.2873748502108304,1.9135825211320932,1.4459545301074614,2.1364991981623795,1
1.8644477300363507,1.9856068769124158,1.7991678396685564,2.2773216789634083,1
2.278431530387965,2.122205468371702,1.337021790615401,2.2905100204752893,1
2.072316874692783,2.1061314158055895,1.6718776925250332,2.343063423004109,1
2.1429830803053145,1.3463676064879528,1.7301114447280115,2.352294470548184,1
1.2613557122065926,2.4498416055346643,2.0829113388154314,2.0207887709363894,1
1.5517270334343887,1.5234293253609301,2.424675685335174,1.5877541905043595,1
2.208156885734699,1.7110583376692028,1.3810302920201152,1.2139298870039665,1
1.907534538119826,2.4685124641136125,1.6798770519519657,1.6643500341909583,1
1.6473191032042747,1.876706988496316,1.7728643484515816,2.343889014745119,1
1.8571770292405374,1.8600851896451394,1.3798830731367235,2.477561403183502,1
1.5249647581294785,1.2953732876974835,2.0620901236677716,1.9739762812039343,1
1.7396893501905693,1.7488499040448815,2.2205830973603606,1.4544264321295437,1
2.266329314628357,2.0433712480635235,1.7446607059133816,1.7954372015590292,1
1.5336413693419244,2.1777486325060673,1.866737164996848,1.6171109055747968,1
1.9748651504892352,2.49445478766672,1.76584096355352,2.396898821012205,1
1.648521891901936,1.2711525190024817,1.4655147382789575,1.7443036863259893,1
1.4855254071729398,1.2002951496837322,2.3895019990717854,2.2970432346002077,1
2.164979900933031,1.4181589743398373,1.356472649072982,1.2878861743140981,1
2.1412379454047974,2.407450348894251,1.759696567186948,1.3548828735948626,1
1.8661106669517387,1.6534814796962192,1.687272401654997,2.0077298114024194,1
2.134333547240863,1.343784678535109,1.2462673000484192,2.4926293934914296,1
1.5025468535902173,1.2699796823809968,1.446837927824696,1.2506452002530035,1
1.709354163002323,2.2431223197867216,1.6436177846850368,1.7774384289418765,1
2.0782628056376704,1.8615622910908443,2.3198793918277216,2.3258463775594835,1
1.2128839041384998,2.211460198428159,1.7989536803141761,2.485492703694762,1
1.8282016986380656,2.4829647290047867,2.1809401695674575,1.5231863499972982,1
1.899913473073045,2.4897763313221573,2.3147897900775005,1.3265769619285874,1
2.118283595852995,1.6492534616320569,1.2090769404444526,1.7245252597350995,1
1.5051807482424626,2.264530051676613,1.6385297914994952,2.275780802139962,1
1.200777320485234,1.6001648950339549,1.5135147786000904,1.5036375693891944,1
1.2886426056951015,1.4432615515336522,1.9222144408513058,1.5787693946890677,1
1.7426132170278923,1.689926944451345,2.338676402499863,2.37688869871367,1
1.840844063152618,1.6292027354102858,1.3388409152030727,2.4394237431967234,1
1.2782950283703867,1.5869453608387645,1.5874860615210054,1.6165216719822793,1
1.413572896254132,2.2181098602008062,1.359247220555786,2.025378656899112,1
1.3609998347175627,1.2916963288708434,2.3822583547916394,1.4471673962143172,1
2.2676252009276157,1.9080201324392765,1.3012134754914004,2.442082648869488,1
1.5210495170894602,2.317538948958388,1.4194530075199334,2.3101257467844087,1
1.2171974567768822,1.865314593540325,2.200275353248024,2.415234172740618,1
2.3819627770684333,2.2655123304119384,2.3546487545596952,1.4589855915881995,1
1.5694395844252473,1.575659082397376,1.6901701103022084,1.7113168715007454,1
1.9079219220510781,1.4078436923763737,2.0986206629217863,1.4178365010958585,1
1.6034010267359118,1.8543486697880003,2.2353727299805204,2.161310003210345,1
2.039194663333679,1.4025052387542212,1.911158949300251,1.313680452339851,1
1.690572129835646,1.737571489376947,1.25175487127948,1.5561845293109633,1
2.442344307446436,2.4397223901785963,1.6580251705283011,1.2560301416328212,1
1.432823421126636,1.7098831314636023,2.432113607359999,1.3835587825983404,1
2.192570596768676,1.3412873011870996,2.47563485060866,1.6961014488418755,1
2.2078049005687728,1.6453684076544715,2.0159695403064513,1.4496209101620476,1
1.3898273250860513,2.4194833814385706,2.392941461275764,2.353709622276747,1
2.0130634852165716,2.250748674581162,1.2897480179847873,1.635225754457883,1
1.6078140621843031,2.0263389185383973,1.6627451055118327,1.393058816136785,1
1.975407198037607,2.258699096869806,1.696760542797965,1.371949329628026,1
1.45569465650667,1.5087282967201991,1.5898668708928971,2.035633591658202,1
1.9812291298990345,2.104903820037151,1.6712525798909672,2.271196947443972,1
1.4653139595024882,1.8097529717736,2.2412203380038593,1.4342062420524049,1
1.3428220478630177,2.3487891579943865,1.6458085615869547,2.0890311623817417,1
1.23295318554312,2.0970609549322843,1.6109317050110616,1.2724631096636743,1
1.9927565900125521,1.513044960895125,1.702849414667444,1.3047550559724677,1
1.391312226423429,1.5873704061445968,1.3166873507282042,2.3840741440922097,1
1.2078611561391719,1.8290182845236047,1.3602216955723168,1.599982816321333,1
2.403877427763745,1.410202919256183,2.4555820156338326,1.4675326900862482,1
2.1640359410068783,1.910680444366505,2.349822345875787,1.9201912321540702,1
1.894926984903201,1.45409540047892,1.4160981706671563,2.3914358964501687,1
1.6261896585050444,1.6837069314517648,2.187770755956905,1.6404705271496496,1
2.4376811806307037,2.1593060996984406,1.9766580153454458,2.3451637087081783,1
1.2644876808543275,1.5341814998459713,1.804547234487183,1.4950721013129773,1
2.1670767434927978,2.3949704403698426,1.7509011559102003,1.6447723801454635,1
2.450015951778836,1.778308162675803,1.8357629205840682,1.657144834044477,1
2.38241301491578,1.939642128266406,2.190826963336138,2.2553487338561524,1
1.6444037544924357,1.763802630716494,2.303013306728144,1.6722319571785533,1
2.2321156734874066,2.4232900193467684,2.010173484988409,2.1641154736874553,1
2.2466265056534755,2.298551543565635,1.7135693392138347,1.2666424969287975,1
1.7224391526077614,2.0758830987193164,1.7854555015150306,2.173652096118518,1
1.664077158309263,2.0251673834352384,1.442345746310167,2.174180267638444,1
1.9094047594569337,1.4652837051105807,1.5794845255471495,2.173191321156382,1
1.8273816063599768,1.4808408725109938,2.457452547481387,2.129662525761954,1
2.444275282301735,1.7552365589684462,1.8176304428992367,2.367341781040525,1
1.882564142319,2.1194625854773674,1.527824740744189,1.7807444093134328,1
1.3604848255534616,1.4677740466400502,1.2012264398479204,1.2510445671432582,1
2.4704689701300078,1.515059803677791,2.0623039223552024,2.290829608439495,1
1.9158585970075335,1.399087850109143,2.146551368537016,1.980326833129458,1
2.1506257661515877,2.200670609714213,2.4680334779901685,1.945632264034723,1
1.6441334464977824,2.043003923970308,1.288972922015414,2.3666165138180624,1
1.3551953147396558,1.6261956892515637,2.260468994813957,1.9765060918299253,1
1.7117261763606746,1.8154663571875278,2.3109116111628345,1.6420057018778598,1
2.3305445902558226,1.3145747602696989,2.20983796837122,2.301811922971157,1
1.4363629486885403,1.7594504920838605,1.4151497070627523,2.118585367692483,1
1.8959520984801537,2.0259203507208174,1.4554330570430745,1.4752696206681453,1
1.2539465231628781,1.6186877957544485,1.9276680597337774,2.3153153881965274,1
2.067005681696285,1.7660152204196768,2.439056148712379,2.1350187607485815,1
2.409214763721315,1.8858643652538154,1.5365755572310815,1.2686746922741385,1
2.1439103069290057,1.3576938974071944,1.5936076667535573,1.8922121802490666,1
1.933741564113672,1.9807581560832768,1.4161319294546109,1.6936586262681432,1
2.002352495252057,2.4607645240239204,2.1459204790095954,2.3993848842221452,1
2.1908756758084302,1.9692320595601207,1.4496303798772479,2.066691347460267,1
2.010393435747879,1.9832099215944463,1.836721628384713,1.8872535851860581,1
1.6347752852535353,1.875106500434994,1.4568226773820216,2.2467267165684897,1
1.4415100411083202,1.3104561768563063,1.7671198342643044,2.0557996713578803,1
1.7690318724136036,1.5597803715367011,1.925622539057573,1.6511030360358598,1
2.412727997164623,2.399438681484644,1.853083365963724,1.626249192223736,1
2.158272138143631,1.2477268265279866,1.8171997078567466,1.6372204125514336,1
2.396696650633321,1.2156039354544872,1.9186593384338537,2.162862655386614,1
1.8305233837812536,1.3110239392115381,2.464199807036273,1.8734135607889273,1
1.9984421176147147,1.5075927175197594,1.828547510638845,1.7578943395458184,1
1.297364594602579,1.3380084596117074,2.288714275504407,1.5117659378685673,1
1.4534457529482196,1.856384886625181,2.199371270771267,1.2805304741526842,1
1.9498502955297325,1.3549735756927452,1.247399366073304,1.2685671378108825,1
2.284413340670974,1.35336422871648,1.2586967737359795,1.769269853285786,1
2.2971915135246324,1.5411308894360924,1.7482264027836911,1.2518992923328764,1
1.7838020683753386,1.9508970048282737,1.9421791698777882,1.6321546998266747,1
1.6101931348620762,1.3386107046175773,1.6768378168401488,1.329343069534854,1
2.1965747281256673,2.4561565870726416,2.461096793666719,2.3245924291880122,1
1.981029794141505,2.111125406417044,1.5707675434845383,2.0200015462244068,1
1.7923444142718408,1.8266225417100124,2.1851095284877053,1.566493862276427,1
1.6134514952028758,2.4020343284672276,1.273091583306264,1.8313245879373423,1
2.38664104053022,1.993471910163604,1.9103291964757716,1.5246674329981618,1
1.6462581357837827,2.307662940546101,1.9269835712989956,1.8691648518838138,1
1.3294536276020374,1.22083660339166,2.452790745293164,1.690082017472894,1
1.9841769807293557,1.3036295951434704,2.0880485714399604,2.4123367213177493,1
1.9483648288966455,1.3639499190880338,1.9562379857155197,2.196251377036048,1
1.7283414975462241,2.343789072323908,2.0432878393645737,2.369023593775963,1
2.0105569046215384,1.3706743636062715,1.6025992244367457,1.4623334327281938,1
2.3814744470319207,2.1885200874737274,2.079317879583008,1.591256215521108,1
1.4392582036652775,2.1833864143855855,1.8164053296428035,1.4935264177958179,1
2.0016085716148577,1.2524340077799876,1.6240213303667295,1.8091240929684749,1
1.3923458343422275,2.480050820868091,1.4718265739664984,1.3694590690562451,1
1.4645953360529653,2.1997794731076414,1.7531573570533956,1.9350407216782994,1
1.2273119040822689,1.2447607011453088,1.7795732147751209,2.261651816162111,1
2.350810542319835,1.3127185378743322,1.8998720327313297,2.3871985921630516,1
1.7043645807172523,2.278435580856879,1.373804350719267,2.4160128365681386,1
2.1768503127906933,2.423734710622972,2.0796024036182583,1.672425111599255,1
2.419635524282139,1.558236809201932,1.6318242786802521,2.1110509434022626,1
2.194911189383002,2.4082245290039,1.4662431317730724,2.2373974457849912,1
2.1601098694160523,1.282932923129677,1.703390083573269,1.5675950941781283,1
1.5958375516602394,2.477830943421111,2.0356106375239063,2.1329790051315496,1
2.469602928509512,1.6903623171949302,2.2423922189886474,1.764890252295844,1
2.3303937733594737,1.434854803704694,2.4319920301835634,1.4844032209341436,1
1.624086659075211,2.1830499043388145,1.7118816840350286,1.9906747897963806,1
1.777945551390257,2.1650809182167166,1.496830628079194,1.27599538340794,1
1.589908216714986,1.8166012643289593,1.418426067850482,1.6612364765533052,1
1.719977923781639,1.2746093967947556,1.9582994226394659,2.3496464563626738,1
1.3972657868389682,1.977150417421968,2.0641609663841,1.7451350845450748,1
2.111426863573551,1.7339510065383155,1.8560284743706652,1.209558957920755,1
2.0992361483750956,2.059745482628142,1.2499211405242479,1.678725139613673,1
2.4727413930291675,1.7469575313392018,1.852529026671394,2.382909205607634,1
2.1324404386254834,1.9566911704614907,2.2371460857433942,2.3236761463927653,1
1.7939544932584468,1.8176408744113859,1.7018662163473866,2.456717982023999,1
2.1063161305774556,1.308189986070494,2.321847510306924,1.8247279230871485,1
1.2893800783492337,1.9146324317123042,1.7423135626684125,2.341074226321412,1
1.4651929846922036,2.274403992339838,1.9249952985410885,1.2709933941775098,1
2.4633988917231298,1.8663998173341598,1.5781399105010572,1.8102288945860354,1
2.315215118572736,1.5963740617005826,1.4504793154327102,1.3677926210101459,1
1.5872172179072745,2.2140625131520566,1.8131142747538402,1.495726084801602,1
1.4160404994926739,1.6325483194634929,2.4219016847514214,1.6459347263670316,1
2.484561298741026,1.8307995924949632,1.4329130937771961,2.358482119331562,1
1.7984619850752748,2.122572746555882,2.478825058171897,1.2652279554159662,1
1.3257029277238372,2.1365937639015833,1.5663725042841135,1.4395918160351286,1
1.2511704437656483,1.2284007255820624,2.206831284055728,1.374763455580415,1
1.8080368007624963,1.9876658597333279,1.7568573407395,1.235238648037103,1
2.2185519533642815,1.2136671919041495,2.1904568626907293,2.3612958419245595,1
1.762691897374324,1.8962052150271376,1.82007841040295,1.7059712042104704,1
2.3536518959814683,2.3621135638709876,1.636561274033995,1.9995906802191072,1
2.4049798307896233,2.450676048623757,1.8616467525486617,1.7886722468696248,1
1.5623026107070834,2.4465334351475327,1.3856585958147276,1.9537784488620424,1
1.5673153477742305,1.5627107774521356,1.726459163589045,2.498430816560351,1
1.2714561988917685,1.9521043636645907,1.3073438054458604,1.4008770789876746,1
1.7714318243047682,1.8635981707503737,1.5364301308738813,1.611394270136741,1
1.3130571263327129,1.5941857189975257,2.4565259711947074,2.428119596174226,1
1.6353417771780805,1.94211011716239,2.3824740084442277,1.2080389694331657,1
2.2538886414388695,2.4328804186255946,1.3187234546336242,1.4098819918427974,1
2.4489701936027624,1.8988021867324503,1.2184556248132408,1.534921598392588,1
1.7849267765495176,2.100781584332198,2.1531084915778393,2.494047966803093,1
1.5737645591988867,1.899686132429018,1.8933206122174866,1.7273388372814087,1
1.4199104619951461,2.4706935321389953,2.309312342666562,1.8478329367825084,1
1.9842190494892389,1.495439369627561,1.906923191509271,2.1034611730579185,1
1.8697171369025654,2.4873707217604237,1.994744153122044,1.6822658263698198,1
2.2037976359005897,1.4216012650561347,1.6998705578181466,1.6510466354908615,1
1.7613492236401105,2.216313773707344,1.8294249418124298,2.2322187853457516,1
1.9494355740818257,1.6446902650548219,2.252972366788514,1.509776571719019,1
1.4916978737397342,1.8558538012712864,1.5391040197507155,1.2118131454365813,1
2.042786785488442,1.8644219679141174,1.7791731588411095,2.45705906900381,1
1.942558939151788,2.3224610511262,1.3812853070667082,1.939968402068256,1
2.328373514750174,1.9580374844638673,2.1334184315651017,1.6836566381558695,1
1.3201843721481865,1.7952703836651929,1.7128232080905148,2.3271782370926317,1
1.5171938930582138,2.45675449579564,2.4455795557458453,1.5219211359928702,1
1.6524675421205166,2.3642224631360502,2.45660888716494,1.776470833686857,1
1.6172961593331672,1.8839222172270045,2.0940999682754553,1.5555168699874737,1
2.1574151270047945,1.2671545642490334,1.2640828405937414,1.7021740166892088,1
1.6595151496789367,1.610323179977298,1.8383256914695831,1.6169536570050425,1
1.4499352940085195,1.6023104138151811,2.467375554653305,1.7344474420933031,1
1.7781266099158364,1.949508486936482,2.4783429989384946,1.5140816593664919,1
2.085666743692164,2.130780101604241,1.9895217418309858,1.3151518415276373,1
2.0799339585758494,1.283323124347028,1.974985444414866,2.1614555303882654,1
1.4742608578059355,2.2941086098056065,1.2394599471929055,2.296956722755798,1
1.7984277658355947,1.482864321911138,1.3739115884921584,2.4392993178570843,1
1.2944652638555036,1.4588214459167033,1.6521690516629597,2.0063053036494565,1
1.9082414108589278,1.3633365401360082,1.576646378859679,1.5103773024118312,1
1.4776057108374436,1.734487637423983,2.115240888369154,1.4826888118824066,1
1.6766825436138757,1.708192654893511,2.469393488266033,2.4410662639427896,1
2.240178857577699,1.5141565970649407,1.2884485083191706,1.611975379036812,1
1.54683291426398,1.857703540190312,2.2110462830881312,2.315819820542515,1
2.298323311033661,1.6675782295899881,2.093404646498888,1.606684456781486,1
1.2791772062057374,2.112034845283825,1.2127758183407242,1.7319373636960351,1
1.6281930500926984,2.1013908000745083,2.196119114588493,1.595323026762669,1
2.25511511877831,1.5820917886564139,1.7802242679825295,2.145124085118374,1
2.100796297992225,2.4835790140058602,1.4927093314807114,2.0610132876014573,1
1.9925864807585105,2.389627990837039,1.4032707841383376,2.177337612663013,1
1.938749201149399,1.557065630724277,1.8167653883913264,1.633909576190737,1
1.9531074236249992,2.3557007940590653,1.9400964797358626,2.0212391438245594,1
1.8743722012491224,1.2665151583791185,1.5027161239389226,1.8396022482617076,1
1.603305868868116,1.4362926770895523,1.85537269449397,1.6196527314822053,1
1.5355399361254392,1.803181042672495,1.373269535506825,2.4060694529980298,1
2.3280127272950106,2.119906761462696,1.338077975864993,2.208640430810601,1
2.250344526541725,2.198094003028639,1.3481556532550134,2.037080344188094,1
2.2846222344742184,1.950559421585568,2.0403295877965157,1.7958725232541979,1
1.8873195158492684,1.2446899158572426,2.0306519285652698,1.305881376758507,1
1.7655189726422904,1.58045162696763,1.909056335275227,1.3734412361801691,1
2.0991364225653135,2.2335149980070117,1.4123607846661035,1.3356070135574467,1
1.3891701276235668,2.340265830468052,1.886646040283263,1.8074392948097533,1
1.3387253648330606,2.0444228087840504,2.328399469463617,2.276641630120489,1
2.0138711216750416,1.2978623316471756,1.346116135328817,1.264101683242772,1
1.5347229814402101,1.3763599073084911,1.538062452328164,1.7005754724346502,1
2.4258776192924767,1.9934888777161996,2.2854659213878508,2.1234569509260317,1
1.3462540696846212,2.1566965282861332,1.5576285460268617,2.030840201093118,1
1.6432505657358851,2.4969739422440567,1.5426169233458111,1.5628696120065506,1
2.409873932231118,1.2320377260272195,2.105695684235156,2.1429243079566413,1
2.287292150633519,2.466771103830018,2.468282494903648,1.284859784836403,1
2.268391119578773,2.040202913754596,2.0415447746850184,1.3668549045991032,1
2.0452433163793495,2.477227354781622,2.385364140401281,1.7708698590463057,1
1.2519323652719225,1.6709815370002663,2.2743074050807217,2.1119488319047157,1
1.7971467522721434,1.2716319957064803,1.7549631461702933,1.8097324216332487,1
2.407122192762377,2.033411934656807,1.6051487916510436,1.8829137437859378,1
1.2858719001688081,2.464338706344658,1.6680778725099437,1.8212275613870765,1
1.6618691665079992,2.08726524915106,2.060901805828471,2.1299190036878763,1
1.5485861984954972,1.6103690255132856,1.3628266004250702,2.0521629633999465,1
1.2517362655363482,1.9769870361804966,2.330604650307124,2.358081792776524,1
1.7837490884809502,1.7970947946769957,1.3000599379104225,2.071994533075946,1
2.267637246484699,1.5180515709861269,1.747691146123374,2.2904911377948514,1
2.340256607960974,1.5161339743434936,1.9157418249037734,1.4502410958265752,1
1.3324423933814236,2.384456651809545,2.266659755501742,2.188045372344126,1
1.2633962144570825,2.296847430523335,1.7694572986769987,1.6451136602846175,1
1.9104192693329893,1.3187592155406225,2.1836405141581183,1.9571655999547848,1
1.4425671259351178,1.4447018596997592,1.4395232470444765,1.2741031038175141,1
1.96413798418319,2.2924526308650606,1.222747678183605,1.2637060384626555,1
1.9446013596930296,2.265344391001868,1.6247605577392237,1.6544987184500388,1
1.9752504467458087,1.556476755861391,1.2345908759009894,2.155797073532075,1
2.013344886823889,1.954982798772357,2.16418936768937,2.0778000888306485,1
1.4676465846318174,1.6582253610263564,1.3639431841822125,1.3688141174432453,1
2.079054470263501,2.3161801390772476,2.4515523590194808,2.016851252814278,1
1.439331720369244,1.3373454490836099,2.256706262997785,1.9523834192679992,1
2.003770527317836,2.215900715381122,2.1142603960521873,2.2847957287129255,1
1.273078077097842,2.171776827770456,2.306108584518724,1.5719755551958086,1
2.0325814561912288,1.6084106829880636,2.44536238642719,1.2434506441661548,1
1.9537306969828414,1.4164546111643697,2.1258862667303062,1.4286573684442607,1
1.5059982404678647,1.8426820543594855,2.3892854349959416,1.475228683792362,1
1.3875120274535346,2.18666988141024,1.8508053920341103,2.385320646096303,1
1.390598924307795,2.039706260929951,1.5027428899973594,1.4037885572471311,1
2.0884582397044515,1.9717900058813531,2.1812756958710304,1.602301349380037,1
1.782363153296847,1.727113179229544,2.4793163031564687,1.5799236437612043,1
1.5832624098507968,1.6609126714771896,1.9339723056774178,1.5280195675428687,1
2.3898769224930563,1.5453912343261424,2.364560451028253,1.33451758274056,1
2.053531513119548,2.379081173969717,1.4193742699176983,2.4588250481290315,1
1.788748368540165,2.429429640973332,2.079866056719061,1.592062930835617,1
1.4447932823922383,1.594855560092629,1.3209226320414775,1.3870283562463286,1
1.3360585724504255,1.749826606864025,2.234251889134862,1.3837986204812422,1
1.3694165631240367,2.03645763437253,1.4563378765584862,1.326893049541689,1
1.4169031516672508,2.400850814639809,2.2679126286090483,1.6602839310616222,1
2.0525669975256107,1.8984583757684494,2.080261542527333,2.087472498201587,1
2.0173542195779905,1.5459317790985012,1.2507083469916636,1.7922368165871414,1
2.3582660500979147,1.9403464360741487,2.2821083542124803,2.4891116458495963,1
1.4127010653797591,2.099310930884577,2.076581645810032,2.4739420815657622,1
2.4812809541386405,2.0926821952413683,1.5166992295768524,2.2381225895697785,1
1.3391378744743494,2.214909095423117,2.383254961388105,1.6976834131989658,1
2.0198258834780045,1.7591855517258743,1.769094571484567,1.603482155840556,1
2.190768506585422,2.4170295334164567,2.4229761170047994,1.427215670337414,1
2.337166744553536,2.1586608738552586,1.528688620897376,1.2874699967979688,1
1.5483964469496914,2.3858707078159833,2.023132277364504,2.1373710591672332,1
1.5342980564418245,2.135204602247266,1.2365579581613009,1.6879177495049178,1
2.0147793531050304,1.3899255352037163,2.269904646781015,1.5055406884554943,1
2.04796544666398,1.7267562853479286,1.9748566741209412,1.3396857184175806,1
1.2219866398980894,2.3824337555943913,1.5505190113973377,2.265580103614597,1
2.4991553906138604,1.4748606353985845,1.5447219635383622,2.0617177239250655,1
2.4550832249808074,2.390558652647967,1.8537381760852605,2.233643367284742,1
1.3764696090298714,2.470669639465216,2.453659204246782,1.4128476452429222,1
1.5892500622440386,1.330201496758797,1.5532328785676337,2.2607425262397687,1
1.6918102893148372,1.3149160572907859,1.6448931822125759,2.475798334513664,1
2.018588673836964,1.7410092303280051,1.416500067546451,2.4820298364688034,1
2.2671037120420676,1.5659204931861952,1.2910893044375462,1.2736132245908254,1
1.356491594357194,1.954999158698748,2.40739244756714,1.8457664564077798,1
2.2958291271930564,1.7796526058177502,2.1211586094981727,2.151434558472451,1
1.4261528176743403,1.6695808766685554,2.028492803499431,1.291905590639676,1
1.6700022440918436,1.8952393061655501,2.4950918409580303,1.8168936314091728,1
2.260873784248621,1.761687470586603,2.2353079394056214,1.9740392421061408,1
2.352574073953118,1.7342253180551428,1.9855957457679225,2.0190242848044755,1
1.7425978243406153,1.3876056567937258,1.3216272289860362,1.221673015779523,1
2.335594543518779,1.5074173859103028,1.4749587740662984,2.156846020553885,1
1.6160209470136093,1.8578581001353875,1.4112643848866933,2.4476694379005597,1
2.3070558200224083,2.322926509854504,1.7288058731436067,2.1910695778193245,1
1.3870390020067143,1.2112047033693143,1.2259648123514366,1.9625822586259285,1
1.792013376822323,1.8734199535810756,1.2097020825423852,1.7494926055546534,1
2.133488609561119,1.7755018125576667,2.1518849682058887,1.5029246537158851,1
2.2570846058262433,1.964960612589488,1.473992029258878,1.5077366186099828,1
2.0164396039403982,2.2789214711761763,1.7403161166379018,1.53579055786587,1
2.3271150889837804,2.0700487792760853,1.7825111334679993,1.8342702538630924,1
1.4655334083173153,2.014843419084297,1.6663652637057553,2.494338729676654,1
1.8242385698404542,1.8316512880464972,1.9356073236338736,2.3917828040543707,1
2.2410635298176755,1.7864690907371938,2.1343090457646348,1.96210614841499,1
1.8400771633116235,1.4500105046196556,1.8031171424913581,1.519564163129347,1
2.3892947948071512,1.6360288575452508,2.437943218893384,1.8929718771231245,1
2.0210076922790083,1.9058225778361262,1.3681948020567112,1.6885675847103232,1
1.3288899459609111,2.0098402574383964,1.7809364537605705,2.211380463042218,1
1.4866116252991808,1.4139358759581353,1.728231900252898,2.4045609981838956,1
2.1235483595161355,1.7446007122307943,1.8724538206806036,1.3094769145302279,1
2.479948665288947,2.0663294961033944,1.5710252890024492,1.9615509124798176,1
1.3423270758896921,2.4555876694498586,1.4272204842483758,2.0424394134717785,1
1.5190908013006095,2.1328297974430965,2.2098677774123656,2.0754456475848624,1
1.9988492983317503,2.360209822137615,1.3022147242866855,1.6301891955142538,1
1.5227737235200998,2.4844181506850482,1.7062067135669357,2.1523965090125183,1
2.090142713045306,1.475705608720591,1.5106969842750166,1.5656699326189443,1
1.734465461737193,1.5046225853456847,1.2255469275709021,2.343210973849354,1
2.4552927807951495,1.6440415031410383,1.6400589432531147,1.2092193566066822,1
2.0843258948294863,2.2730718644732173,1.3905907904680042,1.407566254177296,1
2.227108224962869,2.001177972860388,1.2583187249160321,2.0093110876009663,1
1.6015930396968958,1.6793427021120997,2.200650843785944,2.254215750474394,1
1.7204636148917798,2.431298816808261,1.7284015333376939,2.203386845799143,1
1.8290404439335366,2.366792024478709,2.380089616745232,1.313641850232409,1
2.4174413307032934,2.2731952939765403,2.2287039286064667,1.4611847415911792,1
2.2466549713810644,2.3051725550905475,1.5758954347903962,2.437938101871021,1
1.2648181903189135,1.3948820292212816,1.8988554794669685,1.9485302124590027,1
2.0386951082911744,1.2220598681101063,2.4484768070087695,1.2579645205543872,1
1.3859805385404231,1.218218872783874,1.9369159632823232,2.411946949097264,1
2.0657313159046033,2.2694547090245556,1.217265564496154,1.9046198880236438,1
1.7974318707571784,1.848658327487031,1.2938771409357444,2.0897659693900996,1
1.854186539316225,2.194693504819643,1.83087782428023,1.3941961270943617,1
2.0427340403011685,1.4241022707367161,2.3341129323612595,1.997051110790014,1
1.4043650486240404,2.451039474725569,1.8738751023359168,1.2947679874331515,1
2.0148827757395873,1.5291585791166533,2.244801487440493,2.2631686956360477,1
2.4726315626110607,1.8524303903318549,1.7914439436460583,2.179518287080425,1
1.3722118532445045,1.9109901679310615,1.9101218801701063,1.3163150596535034,1
1.7433793111589875,2.309270238137363,2.3129997085930585,1.3290089643955854,1
1.3179371475721802,1.541504120102516,2.3371958813201914,1.3675733605955487,1
2.1359958434156803,1.3315153054970341,2.010079209872173,1.6628874888548881,1
2.225588151855627,1.5037975834729727,2.0309623782069477,1.5063872949486505,1
2.1277583680458,2.3357814449289735,1.3648423388647881,2.3265743951741547,1
1.9716478307385872,1.3652436381271311,1.7558044119676257,1.4091183815306272,1
2.1104522555265404,2.1865285747433347,1.3375354763546385,1.8579818085030375,1
2.2590125728336923,2.4170119540162958,1.867573226764301,2.435362990694829,1
1.8963956615928388,1.7124476429798803,2.302664067118764,1.8408775235955157,1
1.81347326373388,1.8374062362327768,2.300820502430669,2.281524004194468,1
1.7245759901722746,1.6332898178316824,1.839506431250868,1.9446042626582418,1
1.509838373816396,2.2321416101302676,1.8324275954521498,1.6342592129459474,1
1.3388672908531878,1.510498708524689,2.434065523282779,1.5966295928653844,1
1.4195170761771458,1.798874629151491,1.5992140663683232,1.2457070253525524,1
1.6200887824632424,1.907341211121309,1.9172260836259571,1.6635265975299554,1
1.781493583128381,2.4551732937051964,1.690553020399405,1.5356948572379778,1
1.516507157286788,1.7950939965153743,2.1873761933320273,1.4677846394450151,1
2.1220849652829985,1.2274947703542411,1.7446128713791298,2.2086245847636228,1
1.6403528425067608,1.9328582318790193,1.466473002673684,2.164594008464024,1
1.2679628342493874,2.3083054383381505,1.4576553023481686,2.33671744122083,1
1.6582880136906724,2.1394886468168326,1.614992887122045,2.377685172605042,1
1.3646282631738866,1.4320757260543782,1.840939162706443,1.3065199707495898,1
1.4547742401122905,2.4268962968756185,2.4694365594922534,1.6891371281295484,1
2.4002718273181163,1.9082720783754612,1.5506652056358972,2.113118337404778,1
2.056572348547314,2.4858629148413534,1.5445614736320683,2.073677353460256,1
1.2676308815382809,1.3477398503057352,1.2050938874364212,2.4992988853775753,1
2.2429558062917208,2.222739919153603,1.8626438978746336,1.5900872077770718,1
1.3966435698014787,1.5700771605004027,1.6887625885078807,2.1832031260743823,1
1.9015603255740983,1.3007287145221273,1.2234377116465858,1.333031833394282,1
1.733648327806593,2.413150792163724,2.0286232255719883,2.2423736698381695,1
1.8062869728559132,1.6701659081535556,1.3409204845316096,2.3387129288420665,1
2.2181080377362736,1.4185535268770426,1.8659387330391386,1.8335872502976183,1
2.012619018492487,2.4300429621886392,1.9537028742912235,1.9022824468122042,1
1.265419812815063,1.281779718823431,1.4435508287248255,1.2422120031992727,1
2.166358764241016,2.1403293951921523,1.3768731047611358,2.286902571033865,1
1.4012218452999456,1.5915282630965664,1.5236699689097746,1.683999228144962,1
1.5310628956569503,1.8356362043699876,1.729630245761091,2.4825403380131243,1
1.2727042551666934,1.384835789303557,1.2686736620811832,2.0135935534770883,1
1.2708620606378354,2.2873716585889605,1.865520219886506,1.8851099119559938,1
1.9300728600258523,1.4220578181980739,1.4569973940488339,1.614462519734906,1
1.9715453405684067,1.473153108722279,1.3512312452732396,2.461151952343962,1
1.2285763592525099,2.243506626936828,2.2244456944475286,1.5863783479986249,1
1.3763146008095073,1.3893172407170504,2.10666110240835,2.035648568412026,1
2.2175693765268027,2.418725524118836,2.0995055722465694,1.4026069975168765,1
1.516475401795034,2.294851850135049,1.472097898584471,1.2942790120408258,1
2.114264070254926,1.7232842621371847,2.3960520683096744,2.04533159242176,1
1.317544671129159,2.432213537429759,1.5361244427323197,1.6383762375281714,1
1.7229385377886046,1.2665915853256071,1.8454700488997862,1.3603140383978798,1
1.7212614246948572,1.6559227243897094,2.2046921084544544,2.2441216651225506,1
1.3994367471058144,1.676516543592994,1.6853591093413811,1.3968335771169105,1
2.2379895565665477,2.1193968268360504,1.447496322186145,1.6767384811719388,1
1.3375465323134685,2.0166685762209573,1.3577835019132056,2.481714419212393,1
2.214886697094221,1.7073101144591936,1.9521331119631609,2.3847443610813315,1
1.9203290645145739,1.4268480323173418,1.692314362255507,2.296088324538669,1
2.0374769207865033,2.04594169963394,2.326867931395036,2.362164974701256,1
2.395730343313267,1.323303951229103,1.9073638025520312,2.162662377583814,1
2.184004898665118,1.9887310625610048,1.4168235357387764,2.2366467201241633,1
2.1361447335694295,1.3119765030137471,1.8029527720766891,1.4261706193783446,1
1.6387201594268634,1.223505419867391,1.7204288289339855,1.9148399975030737,1
2.005457370675213,2.062537448667323,2.287178707033198,1.480101779458449,1
1.3566263691700082,2.3069983234673033,1.4035966593604448,2.467188105737054,1
2.295299698218228,1.851139587656479,2.4758478523986325,1.3265897478404054,1
1.5939854895276322,2.0296917395527947,1.6550089290151324,2.406884317575029,1
1.2853139146311627,1.9142353816792539,1.9681261476136487,2.0485465609103914,1
1.5323660903313587,1.6739363557758238,2.296784688564471,1.4534255996612078,1
2.2749282013253707,1.931452049773565,2.190843764552307,2.127689576142513,1
1.4697649440003426,1.9394565573640348,2.3280400986466203,1.761751107842508,1
2.4565680012903117,1.7878796301322335,1.38562132766825,1.7062650841009752,1
2.4372131283076985,1.6156371041418105,2.3285276078271817,2.3456258861864567,1
1.6552424816315494,1.3082349554658217,2.1419252819064636,1.6049659887181817,1
2.217800698534844,1.775451302738563,1.830846765045408,2.211282228773098,1
1.6970723303801163,1.7760655489197887,1.6890476094005087,1.6775426698604639,1
1.8837305499718973,2.251439277851496,1.6702988054993355,1.8815311366990577,1
2.071945523075381,1.5502712801947514,1.5607796463731103,2.4134370651304913,1
2.140594945330415,1.9503426790903016,2.0420360707467955,1.2380892760344437,1
2.0035338552302058,1.8623615351914624,1.9094745837132665,1.6672509748800621,1
1.3059160670268244,1.4513410036956678,2.4359681271764733,1.7313094309522141,1
1.8066881025801234,1.2685227268094708,1.2488360984071747,2.132335881160785,1
1.8995230633574447,1.8613177794811466,1.5160618895494693,2.168175951118899,1
1.4187075528410393,1.446915166759326,1.798925822752758,1.572163820745523,1
1.5217018756030902,2.038808937919331,2.0462632687841076,2.271872190739908,1
1.7430211370648685,1.2950106183339953,1.555766300397895,2.474007102155862,1
1.9751361478025127,2.122658210241326,1.2095651785130388,1.8736674518372771,1
1.2487872547913441,1.9399992757188822,2.397002104526898,2.45894486965053,1
1.9027184780056015,1.7956662468278806,2.4285222225230423,2.075692781595704,1
1.2843690633999323,1.805443250967747,1.512318524003595,1.8107456178832861,1
1.7921052436082703,1.9567882436591646,1.6638016374540265,1.4135515842927064,1
1.854835264966943,2.2792637496494907,2.063215896487883,1.6398782257027806,1
2.4161799295865145,2.385869842623937,1.4721529191993283,1.2512428606564718,1
2.1637013208559908,2.275893339753899,2.458223935736762,2.356787312314804,1
1.9806951986683392,1.889068040976095,1.236193366641362,1.5206533808982112,1
1.7974991772528042,2.017055070108638,1.9244273833139338,2.1654267865861976,1
1.563697010153153,1.9344383899482152,1.3145849164080297,1.7377651806581689,1
2.1752090828409814,2.1014211094577573,2.487835558323833,1.5612584637840827,1
1.8476460889261728,1.6283895379061957,1.772784048276927,2.3140351688302045,1
2.0894717977450323,2.347173548751856,1.4645644408314524,2.335369453193869,1
1.2776909564318997,2.355179064568298,1.6277959132989461,1.6089639234382864,1
1.8657151497082631,2.4228972440402012,1.2621157740858269,1.6579002675919687,1
2.313543585288336,1.7148708206661067,1.458903966876187,1.7522324357308352,1
1.70121825193917,2.3900410619067145,2.1905146884660263,1.8566502224672083,1
2.4848817367380427,1.8048607906587004,1.2757091800663578,1.5409566183594803,1
1.7668916242851065,1.403973411389956,2.431834664221256,2.1969035671631048,1
1.5487733605561045,1.9680458935732905,2.1378839042424436,2.4236626075788372,1
2.346125953928034,1.869749893979678,2.207048405730923,1.9307881799758606,1
1.918515057059202,1.3491645458396495,1.3639789554209976,1.8883936995291948,1
1.5495200084727085,1.2273479731986092,2.139690965070276,1.2422325756972143,1
1.973859893435271,1.9009519323655086,2.4594590977511457,1.829477081151934,1
1.2826818672911364,1.9171943581484001,2.2934250218009318,2.4959040695658716,1
1.7594461257957943,1.6163883652457653,2.3786492860375983,1.4486147677989578,1
2.0000575895428048,1.727428751435232,1.2534070744422219,1.651475016597407,1
1.5447970792534769,2.091918500126533,2.4334276469994935,1.548461343592229,1
2.2549057208971863,1.2719677620199323,1.8995573130517571,1.291715082822863,1
2.414242888469831,2.1962566647246073,2.05533488456597,2.271065296112064,1
2.041775734241212,2.4596277163265787,2.1281453322242028,2.4020561924569206,1
1.8722714596138295,1.3521837368764213,1.8866310378499223,1.3649346764820212,1
1.9702415229293266,1.8272409786859618,2.0093480171826164,1.213061075371281,1
1.4532926391519734,1.8387295614857702,2.4356546300658755,1.698691752461706,1
1.751683633869725,2.129104915708609,1.9849305844719534,1.5886039951278332,1
1.734061314237656,1.483009738514402,2.455827896869271,1.3698246960245677,1
1.6833878199363452,1.2335906638860146,1.4883133395136103,2.2146124798942015,1
1.4615278019755433,1.3040824232876553,1.8167891337978803,1.212960005154874,1
1.310196000754233,2.249913630431868,2.2029153483174886,2.389680466526365,1
2.3108700666839743,2.0881282322117634,1.2680327144908616,2.217703203382655,1
2.2991640540927287,2.238806789503541,1.861022745900434,1.5027723902443262,1
2.2989289683953444,2.14531165266218,2.474989526705507,1.4024003770827127,1
1.4933639579676714,1.4753375948459535,2.2303016979077377,1.4429794853851536,1
1.286657778770298,2.4981290485613172,1.2322623748786938,2.285817278206525,1
1.6749768940158485,2.2941000976851598,1.9210066385744886,2.372120598332268,1
2.404050882339015,1.2118276356650088,1.2980358287906246,1.525466348442112,1
2.070110041272552,2.354753855464958,1.7979245366821517,1.989065051156545,1
1.4450498086342294,2.246456884046191,2.457526544759511,1.5491786127889766,1
1.8432737370807102,1.311950943658286,1.926877653401859,1.8536184744006847,1
1.387767429401601,1.7746860770534976,1.6343360477125322,1.8783801378967462,1
1.961350636057439,1.2110442521893723,2.189307777834422,2.126918579420263,1
1.676172302068479,1.2688167162394637,2.1814123017205653,2.4417277086215723,1
1.5121970748286184,1.6205819978581493,1.4389567563263594,1.9500169603482915,1
1.4012938130416914,1.6630521264997933,2.106116918114542,1.928150777912153,1
1.7024013336263157,1.7463244823498045,1.9307441474101983,1.2076241462533097,1
1.3020628289896927,2.345635488091915,1.3012426858186779,2.1188446750736567,1
2.396049613341768,1.5518886855922505,1.6816388681773686,1.9395978275981312,1
2.3462216605301602,2.424477263438546,2.1614322225446485,1.3126056891111022,1
2.069900402195306,1.7333948384344606,1.8119112993383801,1.2638929074487302,1
1.4483807811502656,2.227667689793742,1.7901464829622178,1.5921609141204935,1
1.6992247961544455,2.3107193673233843,2.173698722626444,1.5540100163354076,1
1.3527523922760853,1.5275976881372932,2.396983386371154,1.9560654892046818,1
1.8935242713682177,1.9753116796002,1.6758367454704697,2.2492391264153664,1
1.8802721240903248,1.3517722735994342,1.3677846622777818,1.8979168904534038,1
2.417541283492091,1.6008577581790584,2.3304035195169837,2.193324262552543,1
1.5221561757789788,1.2472429728111152,1.3324014446850976,2.147042114001672,1
1.4595706594528406,1.6826521966570118,1.8522089158083523,2.1431086189852118,1
1.347200590236863,1.7282763268607,1.830594781885504,1.9030751831630015,1
2.263868833813782,1.4231816535561819,2.2501808873746088,2.1007419560056477,1
1.9226320584586472,2.1093862315233434,1.7356230606371534,1.379916861758562,1
2.0654948123449772,1.8820739986913089,2.0311872407056084,1.6393984153370371,1
2.3789265505417867,1.96358082914825,1.3110232295781359,1.7847451879157572,1
2.1832628711667246,2.2323749302519538,1.8429761685928865,2.3631718420806913,1
1.5479689683525868,1.7337783064097465,2.368175983739661,2.3651337314130525,1
2.091426599472085,2.3166747112588864,1.3154052470431024,2.3244934690701093,1
1.6168058785152948,1.4318309661566813,1.51118078724466,1.743359060418053,1
1.5265496059858075,1.6167378618214487,1.3754720318931346,1.585029795226698,1
1.9439689589046014,1.7744098205183831,1.6507343896066846,2.170387767514248,1
2.3615629628113135,2.183825989773116,1.631600912752983,2.16777481818882,1
1.3975742372162665,1.3694133845186782,1.6493151481470065,2.250013079757274,1
1.5202527214149923,1.2822294315682834,1.3712223957682617,2.316368459088454,1
2.0239182701714737,1.5291615123809696,1.9218845729266358,1.8858535091529554,1
2.05206677197286,1.5031438207481012,2.323723883352717,1.6021791307040167,1
2.102371150169108,1.2209620402838792,1.6844542688623914,1.6572227633464507,1
1.906529757157919,1.2945571403103555,2.227170785843941,1.4831150422978392,1
2.0801491593466133,2.2441757602173213,1.930440043113967,2.163148168738581,1
2.060418405879507,1.66218873629761,2.251516100743635,1.5831117808511863,1
1.9425767930769724,2.169017060884001,1.6926426827562597,1.5935978899026526,1
1.7971498132246695,2.2633525426539,2.408898292089364,1.908608436717857,1
2.0599060669207474,2.3742557089105887,1.328110906836825,1.5017021512260145,1
2.1215700081270574,2.2708678004859895,2.3141377368297515,1.7396393299114123,1
1.3161418729794268,1.7691159204895057,1.4999549672691699,1.5785553914956114,1
2.2039478238887575,1.298185211833653,2.2758555827249127,1.7559698115714197,1
1.9748831104307736,1.3165479006063827,1.6385668018644635,1.3166111947192995,1
2.450006839745442,2.249440144124126,1.7975225806633983,1.4906833128207724,1
2.4134916368248076,1.6479755744450633,1.4092797611935872,1.9321137049901413,1
2.426906356448261,1.2049793776504194,1.5095622962301984,2.41998193253353,1
1.4224117569143107,1.3472164871317658,1.9412433805397458,2.320396970283279,1
1.820242763002104,2.4929335336898824,2.082923209399391,1.296297379373582,1
2.4906817711865683,1.7302625078142475,1.5736232939991273,1.9252429386512513,1
1.5955998693671236,1.312394759256198,1.2018568460029297,1.784458358796341,1
2.28792244889457,1.9440097413190995,2.4989694886264733,1.57290063934136,1
1.5645915841880718,1.4076742983041275,1.4132826647449357,1.5707425748130621,1
2.230692058855585,2.3774838278273824,2.4676133206199857,1.5019765503253883,1
2.345686809298319,1.626731616060538,1.3466927078719497,2.3310324031762155,1
2.026937325036704,1.4141501649053803,1.7587806347669033,1.573435003340188,1
2.157832939323256,1.7894410998115484,2.4860639286383,1.2711684769374736,1
1.6615198459771205,1.8264702172429708,1.8540736211728157,1.6107165691013279,1
2.1480123238268383,2.3371711955356673,2.420335092571222,2.246621389839384,1
2.305754256498579,1.9157088908059943,2.273654694354859,1.594555081892338,1
1.7180223907419787,1.6119869179641075,1.807603536082303,1.5712535011102273,1
2.450094874930781,1.6066980164073685,1.3274578995442217,1.8848623158655373,1
1.2742288019787291,1.3437061162011545,1.48520620595512,1.8036553248467841,1
1.7632262120017361,2.2395994206036285,2.1613170500493473,1.7542137821879118,1
1.6338154698483187,1.6114094192799482,2.2061936134822115,1.2676941280876506,1
1.2166681443637875,2.234207709504642,1.8202902887857642,1.3701454801196487,1
1.5062357149728516,2.4122551390265974,2.3173538683123676,2.1227205652911643,1
1.8268927994385245,1.8764207140488014,2.467817895869146,2.4555015770495734,1
1.4798497595215845,2.2544359361969137,1.4564154660171218,1.4775987212491368,1
2.07892094441395,1.726501428163813,2.4110077292384764,1.3157126553648115,1
1.8649833330523409,2.3940779895760578,2.3753477586233567,1.4034879774404636,1
1.6766290101253933,2.004857820060705,1.4072133502028228,2.4584288236594602,1
2.3891741273459584,1.41703523274481,1.357502099639281,1.3110310276507449,1
2.3822767632476207,1.451710952734099,1.7411704071076612,1.783506775347604,1
1.9787143574776378,1.2932559468716525,1.4947862026206706,2.410937502994604,1
2.3809331394491404,2.2156778416274,1.22522161930368,1.6251087990449327,1
2.01634635594578,1.5577472753055184,2.38246270356991,2.0240563003821745,1
1.2934787325113792,2.3817072654864138,2.445096655629089,1.301026143909243,1
1.8920683053197094,1.5943735668784216,1.710690799425823,1.4335465833419445,1
1.9514937326161363,2.445373159223558,1.8539943803530918,1.3077889558128255,1
2.006001733520631,1.642289892786634,2.312702746468687,1.7650815928114114,1
1.4506914916249194,1.4484373094984884,2.1993934349375084,1.5452638777995678,1
2.19740341240699,1.4676535039965792,1.6181922793117023,1.805133064171609,1
2.4261546046014857,2.411250852179972,1.468933438048974,1.6656847536159947,1
1.394219204989904,1.8629806031075462,1.7987573159030665,2.370988211185952,1
2.4090069911283942,1.6986376083094796,1.839259325924686,2.365107123889973,1
2.24872015006858,1.204753204748044,1.6160774334386572,1.7483065145169636,1
1.4986311687882012,1.4594431006647204,1.2491198585743835,2.0363806425906885,1
1.5412633776281153,1.268051331960707,1.5002731036864827,2.2424881386869644,1
2.3069359361405106,1.8279861187512934,1.740891871531292,2.471209801552316,1
1.460734057464491,1.479967067710991,1.5794273301473196,1.4245845137654134,1
1.6931752776654425,2.3840844950866797,1.9999521928171466,1.7355305131959429,1
2.4147340329425795,1.263003502218569,1.4733590312724196,1.9356551866322866,1
2.000218410151133,1.2514247585313971,1.723950385279272,2.0439001542801343,1
2.107491710324422,2.02958187327115,1.616732191669202,1.3215761606772822,1
1.7552461803451345,1.367380768578472,2.431910756076867,1.8177221258294167,1
1.6124369266639278,2.1961952924545702,1.847333170356943,1.603044231216185,1
2.2555580651080422,2.3272977963014583,2.07491061617528,1.2610537491299674,1
1.9362197442164917,2.192283385596466,1.3774539157086567,1.4972719767999842,1
2.347243636588577,1.2261582384089962,2.1785452791737687,1.8159052802687499,1
1.7808038064914888,1.2092254922433532,2.2652177002564406,1.6677723708275365,1
1.9029953206907058,2.080490892236357,2.1134184493692905,2.442774076473894,1
1.890741939207592,1.719635416266756,2.4398147144392204,2.034743305533177,1
1.5875954631595222,1.3644035190246424,2.2953208519047354,1.670836083632397,1
2.0586106377737607,1.8120613451756675,1.45860871373355,1.9821925912066045,1
1.278887989635887,1.7373451978325498,1.9105994215627722,1.7668610663541529,1
2.173273827826288,2.276302440908906,2.2026159962431313,1.2504568321553426,1
1.4523674015797639,1.8975897620429065,2.4152686525769416,2.285443807567752,1
2.295294860857342,1.5941706518875773,1.7582822662023134,1.8119177315107184,1
1.4045830583548835,1.2403885693177932,2.4309737692986717,1.5129263613625588,1
1.5119335748407208,1.3083927698993874,2.4070600775269124,1.9536582494217036,1
2.06714791426296,2.3850499534419685,1.6493062195710264,2.0079595044795093,1
1.2504392911475537,1.442804286700468,2.2806195466169252,2.1967988632398363,1
1.655835498894291,1.6898538161064762,1.8936207636196531,1.2003133060906748,1
1.5136176368494363,1.4707013511906788,1.5256278307746924,2.2476775952934736,1
1.563576013510376,1.4489777186651926,1.8555424990309408,2.3253385472845514,1
1.5137546149887497,1.3020971156306382,1.663326156604564,2.171947371934471,1
1.9158977081032331,2.261831380446652,2.4474697918920043,2.2304612197771023,1
1.9849440024968794,1.8413440644680947,1.2520898122527466,2.4796185724582536,1
1.6985254593475552,1.3978966780919269,2.066721512015394,1.5695747758240972,1
1.9615117522103618,1.9627982801979686,1.7794487671737298,2.286954200208555,1
1.5444571800220759,1.7832223691030544,1.898999767168263,2.0627121369974892,1
2.219163405657266,1.7132494677417327,2.039861027325575,1.3957942389890747,1
2.4124425307052224,1.6979764483473045,2.14837784856937,1.2264434064468308,1
1.466743285776249,1.8332073076206514,2.3417282080520505,1.8854316949358803,1
2.4088316269820425,1.8289359655576352,1.837583825756735,1.3556708250506915,1
2.2434531173978858,1.5210550362071813,2.3694962361840095,2.384071486429515,1
2.4263031454363944,1.876299635834017,2.0802219202187375,2.2120706440801623,1
1.3703190042456053,1.9812443534967463,1.2445872716943052,1.8468359084053436,1
1.4012954861062956,1.43779980375071,1.674561836700382,1.762168316731454,1
2.0101241518918433,1.2967569439700704,1.854799289608678,1.4374126693290314,1
1.9461677275412645,2.0286259959395387,1.92372203351871,2.1597841636218,1
1.6362920175131717,2.19463856912307,1.7625972062206516,1.8294398478193759,1
2.0425327654393928,1.223865899198991,2.050192487846323,2.00416069379375,1
1.6028012517792638,1.3115325703693363,1.3182160848869535,2.400190871080797,1
2.096063117593588,1.3652333979019624,1.6637401201015782,1.9702278920720753,1
2.2862432166178435,1.256759207326911,1.5076230709110114,2.356673687383994,1
1.2119152152389614,1.4618188336320537,2.446731428764856,1.9974224004788224,1
1.5401727766287583,1.2870884227146018,1.2366487425813888,1.5181686035280055,1
2.345931565465584,1.7406877505867624,2.1364333799157906,2.393770545993945,1
1.7304526000836615,1.448660582348616,1.8722533101139953,2.380508793177811,1
2.245686738379011,1.2855787963721,2.1003446401008565,1.94346677919664,1
2.379702129250353,1.3592258419053864,1.8942469471660535,2.3433015015654597,1
1.7330309227642657,1.8265933930527272,1.2915988809670458,1.5615867325835842,1
1.6218586439196314,2.428659183368353,1.5674675687035067,1.7991293558505475,1
2.0726957506335637,1.4108383841302405,1.8323751032844369,2.16010075131868,1
2.326911776935186,2.0141370570611548,2.069769569912032,1.3641685143599396,1
2.4295094464202514,1.372346300729827,2.207074818336338,1.5442612183118145,1
2.413671086811627,2.1359474011803234,2.17995782687188,1.4847769249778482,1
1.7759519696257091,2.0031571529660726,2.2009657036685812,1.3351471886861064,1
2.451074911390887,2.3572868717209228,1.5514531676442596,2.2695883159420314,1
1.8738210999517704,1.8003484260306242,1.608764337554827,1.9552591626210702,1
2.148855853014677,1.7342127764515856,2.0179849509107797,2.109106797501895,1
2.1244583621198716,1.2675559275705344,2.317672147390587,1.7957293091945623,1
1.5411409062050787,1.514293859723586,1.8279183466971356,2.352881001309647,1
1.691851856187441,2.1746434708186064,1.3258643502833842,1.8188737127963803,1
2.4891919825105564,2.2015691436300378,1.4736870349727968,1.8518739158072839,1
1.5037121927431365,1.732429205441262,2.2141092308554544,2.202592259877525,1
1.4965304912731006,2.398890313601318,1.9703386375942749,1.6939015782506188,1
1.8525162550151189,1.9865926294690668,1.9278576913995211,1.8323265461970317,1
1.8564126453162202,1.429335483556252,2.2565527755960835,1.90428841592332,1
1.370403820216114,2.196004232057611,2.412177171890556,2.4314989690080506,1
1.6797230521345246,1.3761719356289803,1.8739195146229846,1.346391998153987,1
2.4141836440664024,1.4386535155616897,1.5285956179365132,1.7286274849504615,1
1.6981138091268635,2.2330617601172555,1.793211866716251,1.421998738004338,1
1.5473728641318962,1.8618474007437786,1.3916900926539753,1.9951523783398182,1
1.9354714985164896,2.129113011296935,2.419015999993178,2.3859309294315025,1
2.4298983034894808,1.5181302761308113,1.371034898631161,1.592959710645383,1
2.3636107245962092,2.4636695170105347,2.3171224363916187,1.3430230374658065,1
2.431656397477731,1.7503654355560219,1.2121033779910597,1.7751118629726517,1
1.2598899205781078,1.9070412975094528,1.6401202356681668,1.8154654136722632,1
1.9971214689660521,2.329441424563166,2.060472049413507,1.7642635290216349,1
2.265256209771475,2.377256778845072,1.3556879563618565,1.8915128708186288,1
1.5698655476651773,1.2611795572400315,2.069110703648181,2.321602010696993,1
1.4117734508206121,2.2561377549110704,2.3094144535980243,2.3886425754664287,1
1.5448706158118681,2.3751389847468563,1.616861581157362,1.9180394174921536,1
1.2656597120819668,1.2570454148793666,2.1364851765518638,1.7778239713711284,1
1.5331800879799828,1.4475375448323833,2.0709395381169835,1.200522007232942,1
2.2476585199559107,1.3030244879689075,1.4489364993805554,1.7021073138888165,1
1.8303163616309348,1.6614936505581244,1.616925814479582,2.4530908156951448,1
2.0340535856164124,1.2304628419776047,1.759228680977607,2.3375113096671614,1
1.5918930423338682,1.3229232482067046,2.1859002030668933,1.9878179815169057,1
1.941406260174455,1.2696495274896302,1.3826487127341724,2.009314215077048,1
1.4701709938964864,1.8552911036729516,1.9083461918382114,1.5685593473522212,1
2.4329527022039406,2.295203338886248,2.139085559922638,1.3013920263322318,1
1.3379690251017253,1.8406157496244424,1.4089273539482814,2.4717451025883164,1
1.4060763042356323,1.833708186103166,1.673357373893957,2.0312023478903276,1
1.3677473315562523,1.7594113564551082,1.5571165426492868,2.3540769820731944,1
1.2527614257751036,2.387845742208397,2.2828923801189003,1.5868419313730602,1
2.226077851080236,1.2405776284403718,2.4569252153814114,1.8845734253667261,1
1.5942653338850787,1.6713581763730803,1.2863269594986466,2.4861543682546507,1
1.2510795286959002,2.051379260092217,1.7755567060183957,2.4335910836453296,1
1.5197996623988337,1.8917128711194147,1.8270630711575788,2.113726377265132,1
1.2884133015381467,1.4519258690303611,1.4789342661207048,2.1595959812941965,1
1.4458803052247622,1.9455392930582698,1.4798169666512397,2.3201124351091718,1
2.42484109083653,1.8740408674249127,1.6580015494719318,1.5042751075227487,1
1.2647153019799569,1.549050099056744,2.050506513928913,1.8937020107019742,1
2.4272536617652056,1.7151604412392107,2.1020223450269127,1.8361195717176577,1
1.866349080701475,1.5481066089853526,1.7914360098945996,1.8120204961165194,1
2.118635278273614,2.4228319989419482,1.6281176607272556,1.254860609155688,1
1.8451836631508316,1.907799731793919,1.4189727164714898,2.188603988158887,1
2.480407840973939,2.429507132110999,1.4562378504707478,2.337972211870989,1
2.11584172733519,1.790000532948985,1.9027942926221477,2.3044802274771956,1
1.824175421529885,1.6851695798366648,1.8412217409337814,1.952868745245564,1
1.4458009499118534,2.371180049347088,2.076443033478498,2.0232495925387357,1
1.3293450940348295,1.9854261196243694,1.35724886091004,1.3023069777540188,1
1.8855041643351114,1.7236211942604434,1.9654533512030903,1.3159888184744102,1
1.760277981701436,1.4272227295587054,2.4832301117013516,1.9294952761657267,1
2.0936679192231273,1.62304376488739,1.3231605892131473,2.4686321216185974,1
1.5721367459981381,1.7509506407256463,2.0448230982133477,1.2321064869919447,1
2.2533368696724727,1.8975516470372065,1.5616823431894686,1.28009038088021,1
1.411247940116774,2.3635440165094677,2.0918314911166584,1.5248722381279567,1
1.2852809944285384,2.0977999061026273,1.9441300437580946,1.7258753817957055,1
1.672694883947083,1.4818585587078408,2.070494633498773,2.4618684361320318,1
1.4284298195878735,1.9762516060201545,1.751440572469769,1.7806953382680644,1
1.5303914641661587,2.2726753383598446,1.8308322853914134,1.9064276078577433,1
1.5961891866365234,1.4363510053670345,1.3116835046636666,2.1283548832023906,1
1.4551045661942124,2.097097960445437,1.70748937986104,1.7405072412865468,1
1.8099307449206032,1.6780210605658061,1.330805970389367,1.6025213530036995,1
2.06285466890212,2.0655197219095323,1.5720915994119926,1.7981334145249943,1
1.4514813964155187,1.4734837059887864,1.2299612149285897,2.365770514880068,1
1.473918664597378,1.4957940400174023,1.5634818624386713,1.3656304932040577,1
2.0310417481357717,1.2976858391308626,1.3744631542242554,2.038183744567121,1
1.6415588066258755,2.120332174711546,1.9246521680711846,1.532827524979967,1
2.0460763356361262,1.351155784380745,1.8973334980040395,1.768292536558545,1
1.548235657662673,1.98520649706135,2.3327336700423675,2.498576109692,1
1.9900915993664519,1.7261176366279212,1.492769230281062,1.5342249162136452,1
1.8232914715946955,1.677461011664922,2.3879588794124276,1.6787841079524224,1
1.6854779684890662,1.69859486616417,2.287606273477955,2.0460248171009723,1
1.9984195054145606,1.6343859290990208,2.2632754298821713,1.2498730197624115,1
2.332036324039547,1.8665748697321085,1.7177253053224366,1.8463174649329912,1
2.0676401896939804,1.2165950544732664,2.333017413395722,1.7807613829048106,1
1.6458564756101017,1.3797192353242742,1.7713049866659747,1.8452196026696925,1
1.7247407028415211,2.082258121974966,1.7471654873869937,2.449842851200545,1
1.9790607731706693,2.2497213163474816,1.3421626740423225,1.7164786808296775,1
1.6379020118812986,1.9403271045775692,2.3194475760798534,1.3018396830906087,1
1.294347237458124,2.3054130206048784,1.4767051118498646,2.069379230784758,1
1.9057415720690467,2.2827616733533986,1.3626155827873245,1.3687178554393946,1
1.9238638683617997,2.4302922493658823,1.7394970858819805,1.6250247303311034,1
1.9886961201572515,2.40958318070854,2.2880061826980107,2.494128693953186,1
1.2293391581630901,1.3467155881265909,1.9923080923766086,2.2667493711340043,1
1.5708176449987965,1.5109744144444843,2.223068539195561,1.273296410009201,1
1.6801974418573606,1.8575519893700285,1.9284532766554205,2.14719970383061,1
1.6612994404598558,1.9964896480769894,1.9609880496282432,1.9119009308498711,1
2.0326282810848757,1.537283922388499,1.3100433796600177,1.3550531736516664,1
1.4919570974500713,1.8502573161796207,2.292575575709826,2.111681344714899,1
2.225752785462661,1.6562683111039187,1.7260498641431152,1.7117864517877965,1
1.449435139725852,1.2795816555866435,1.968190920675395,2.485981688446762,1
1.4168786164353417,1.2606902658690557,2.213391186371113,1.5283618086901414,1
2.278536946958807,2.11511766714487,2.429375598166046,1.7316054064836734,1
2.060560791285824,1.8043112150572518,2.0197653065011067,1.7844785778100585,1
1.4452219203512973,1.860266640804395,1.887159461868675,2.2537850027382094,1
2.1561769175316554,2.0629291111238772,1.3474032242183442,2.1368011778628295,1
1.8503967032608692,2.362329396938007,2.3958322143697055,1.271703567782321,1
2.2668340284608224,1.2490066075494717,1.6773205134035294,1.9049899683074027,1
1.3925310382152656,2.1702079563398,1.21086111542378,1.4191787629642478,1
1.9550358788095183,2.12870383064848,2.391636033502091,2.117145647515011,1
2.0733130513313256,1.7126434902558636,1.2016697531848417,1.3562070363563086,1
1.8949209081828509,2.0776688515977457,1.7426827690654012,2.1498827149869073,1
1.8784209839318322,1.2964290542726058,1.4496211262583334,2.2919976902171255,1
2.1423865706117713,2.3631905831162436,1.3528244238572176,2.487289294999596,1
1.4722287281349136,1.2153138391726346,2.4966498207696204,1.565396051078647,1
2.0684252882663277,1.4296870084291968,1.9542970918588842,2.375245482390927,1
1.6162355176569703,2.071330168857667,1.4442746654379415,2.012234018334343,1
1.637385457362763,1.4745707361643372,1.6071366659147257,1.4324933890601392,1
2.3724909401892473,1.7163429522122675,1.5188630964666774,1.7829301933207127,1
1.6166970168484442,2.1677450299573238,2.4625858854511424,1.7694437537069407,1
2.3193434199639125,1.9356219956275054,1.4044063646225036,2.097809564705744,1
1.8674648462635661,2.0457884802277344,2.356593636343164,1.7725649418528597,1
2.371530910182562,2.175869718566151,1.83518640364138,1.9841887763553527,1
1.6232554722747148,2.4786764896604065,2.067556511965515,1.2570009082456188,1
1.6246084774724112,2.0103087638867745,1.2732332611390116,1.2310494487148855,1
1.7850315113861432,1.632497233600471,1.7697881904431156,1.5415013028440065,1
1.414133071025875,2.095886364074439,1.8689424511481407,1.4602004746241768,1
1.6154662541379978,1.9693502799623237,1.2938981527542213,1.3916889120460334,1
1.2952192853396072,2.2560125325283544,2.178132003175612,2.179306811443034,1
2.1312229465188364,2.07020105077083,1.8200894899916276,2.0349616125592496,1
1.249870021224367,2.00790374945382,2.21124101719794,1.850465868499707,1
1.664767326955408,1.5606547552412728,2.035642665210707,2.1006415582188813,1
2.3322578798213054,1.645034307199288,2.200703999601261,1.9297625714461393,1
2.347687437881503,1.8861557407843068,1.8729187769173574,1.951240205873182,1
2.174109961685165,2.4540976224769993,1.2956323604804953,1.2694649831083222,1
2.41881543862954,1.888838313173668,1.999373918937017,1.8271506820731473,1
1.3217546883897169,2.1985161919442664,2.171392038615163,1.6052143179406555,1
1.5981110187969205,2.289193795177174,1.2940644350637245,2.3454366928635357,1
1.5336601968646888,1.970880172082142,2.4167924327023114,2.0815592519976405,1
1.7387587562071474,2.0963944715770397,1.6471735272112813,1.560435941253942,1
2.4956882613150837,2.176027300533724,2.038135970596363,1.6618765361851144,1
1.2639090779015625,1.2403739388457022,1.9204356320834384,2.1906425373507665,1
1.8985929475770116,2.2930205935208487,1.2434544930211882,1.676777699353722,1
1.5081915085264315,1.7814548586042585,1.2940893111523593,2.4403711340423944,1
1.4902320213901692,2.3990001081286603,1.7536611015476864,2.4811813732317836,1
1.920275898498274,2.41008272342855,1.2069536853024896,2.17271044803517,1
2.37396584903327,1.3816367370726403,1.324963607251797,1.7519443893417423,1
2.4137825779728157,1.9051025282475704,1.885693402838252,1.3834639537891185,1
1.2010263644211845,2.2531821179690996,1.3138469318821095,2.0240047643559214,1
2.389001390869749,1.4712474871059602,2.0648546871079843,1.3023081497197622,1
1.984881686988897,1.4131112372391634,2.1567396286697313,1.5916006832320806,1
1.80240831144604,1.9792597046359082,1.4226554338661115,2.1641291642029072,1
1.5934324428278588,2.0610834178865796,1.4057679659091857,2.094552956968255,1
1.3666444946536003,1.7529634451509786,1.5213678958605399,2.1728878242566374,1
1.540645505858937,2.346232498314015,2.359366274828597,1.4553737097896216,1
1.9979997285100415,1.3140329342359536,1.708998229482118,2.1273182483516537,1
2.057250220904891,2.0121108702285904,1.5673031227611767,1.6914324342647227,1
1.333829988110372,2.1347296665636812,1.8550554358286555,2.121395322049351,1
1.5236265822359345,1.6217696972255862,1.634479938438149,1.233465132671381,1
1.6433622346798105,2.2442959455734437,2.36648804447466,1.8736838103267057,1
1.7921522037849864,1.2400720043091813,2.3429656388609974,1.2169132774536344,1
2.4281751042732753,1.8359811232945178,1.6445148416471445,2.401483965295458,1
1.2317082910431256,1.9558523633298133,1.9136122818491388,1.4851165215747968,1
1.7575536607552738,2.0479432077269015,2.1452705559465057,1.2009319163185537,1
2.41790945911832,1.4138829841106562,1.5036545644890669,1.5425154794020026,1
1.249166177517646,1.3599677606674223,2.4822548998274105,1.609781758590472,1
1.3498914174407641,1.3390886395270103,2.1352979579709634,2.310939263242433,1
1.5340379893610108,1.2271823660358054,1.4900170239789625,1.2734703980357844,1
1.3344134176190539,1.760960555801935,1.4988938821201223,1.8707296420830504,1
1.5295418792343474,2.422698491433832,2.377727158304144,1.9368479365136058,1
1.660751189583602,1.6954909466451562,1.735407968087846,2.145853118775427,1
1.7871306941744893,2.313748930457667,2.4273232217094742,1.6367299993926139,1
1.9289028257883842,1.3235734978823337,1.4606097620962666,1.737505496723208,1
1.4680635306723124,2.3395286380253326,1.4057721328768276,1.7923590680190196,1
1.9874090125978383,2.099423080609098,1.6979901806444588,2.329828789342147,1
1.9388148964013032,1.7713601145818174,1.2874128242676475,1.8040963089787145,1
2.266956593060449,1.99890332368771,2.281811189847854,1.8422151717790973,1
1.3540002166228264,1.2177317995866455,1.5941854107341684,2.10738761294713,1
2.227337875124202,1.5844786850064283,1.8443500971482212,1.747454575764306,1
1.7336796196568562,1.5007533271601956,1.3772824365382959,1.455695125700577,1
1.2719321033123498,1.4575699643706501,1.2119611669129933,2.015435920826772,1
1.6112880296039878,2.465088124854981,1.4518321660091873,1.649577141402472,1
1.665193506233993,1.2109869448811987,2.2909703389512965,1.241592798187622,1
2.4222337851480136,2.359696656421707,1.8961784909117525,1.9066742473846796,1
2.049911299843003,1.703165015515353,2.041388968417212,1.2581989052950329,1
1.2702619155546444,1.7943995455054076,1.9145089914378453,2.354162932436565,1
1.336058824080265,2.2694423053520563,1.4730615384796906,1.7123087430630415,1
1.6115831652756367,1.7202018547250186,1.3956441474943613,1.8546410967246214,1
2.2421353667807775,1.773994213492566,1.8377976486676588,2.3033978608657084,1
2.1178755490294403,1.83759073107572,1.5350043426459337,2.3504047708984563,1
1.950126522197726,1.4874918931439014,1.5498556784294135,2.2440730156171194,1
1.257389230713692,2.489719843137466,1.3694571836292293,2.234889083016019,1
1.7132079118031878,1.839881038273707,2.3448457507039513,1.7367845464659772,1
1.898741879775205,1.264089561131921,1.203051716027689,1.5182398349022437,1
2.084758020794397,1.3576443613668776,1.3478905464459143,1.7342487904466743,1
2.0421881501906944,2.1256935899223097,1.4319858763278872,1.3034645915836551,1
2.422516144129207,1.538866297330732,2.309350446891341,2.3225388856016638,1
2.204279369291308,1.419483688648341,2.2683418970304605,2.2000257270140624,1
1.9757398871380822,1.6383626457196385,1.5412611855465073,1.3584559757044665,1
1.8626841869711328,1.9608391381628003,1.6671406876705235,1.8179667879851291,1
1.6725687945800467,2.0333078745169115,2.3716369701355324,1.4130963406610282,1
1.6958314528740606,1.3831291851361196,2.0124269015301817,2.1475316623351746,1
2.411486552376693,1.5625335041392543,2.435274567625059,1.2822414733668772,1
1.9839180223739645,1.2742725351463289,2.361906444090528,1.8887517741910704,1
2.070152855991635,2.2810461036835883,1.3954038092291594,1.250169030519574,1
2.3425454896867075,1.6094131956966122,1.3676725803053147,1.8089996082132125,1
1.9777978984048246,1.2402617844492632,1.557364355734214,1.2426398365599647,1
1.7464360059541486,2.363630037786118,2.47744813494164,2.0281618195547155,1
1.4101290019199693,2.3776042069990977,1.8711221701600786,1.3998741057337936,1
2.39824467028716,2.184709765940034,2.151216854540097,2.121934914932726,1
1.4604417674253751,1.4743086992197838,2.0947808979554314,1.4856395751435159,1
1.7702732058439636,2.216602373272124,2.219138273527193,1.7892403042836174,1
2.2298469197578186,2.290208335057474,2.0512084766695384,1.4969536080009462,1
1.5562153145012116,1.609293502031356,1.3518453400541375,1.5551075064809285,1
1.4723749916062916,1.7919273747511828,2.3809688122339443,1.3358244117801454,1
4.156616225079009,4.0807509101501935,2.7202346569257227,4.62191653128334,2
3.8074860649606848,3.3365686986120737,4.240038742039205,3.091940554323758,2
4.095072625206537,2.5913357774161687,4.4306384865013255,3.530792948149032,2
3.9643937030232657,3.0088469855553726,4.05726953911443,4.276152634554536,2
3.588390329834117,3.9207719253421267,3.5495496247915166,4.556410149293045,2
3.645099115182934,4.436160030766283,4.343109734021572,3.44416108910122,2
3.0291943312721923,3.433988904887473,4.400299964283006,3.0235548323846024,2
3.7062035954728234,4.354022520309719,3.312998192795271,3.9770821651062036,2
3.0649526203122734,2.7513427243467676,4.3270837177135695,2.7276278338400255,2
3.1241772086830446,4.466751670594112,3.2968793602809345,4.738004303882571,2
4.753388969979877,3.1170348470431803,2.594249911174748,4.121645553672372,2
3.5372689560911903,2.7317315411070253,4.1273024836494985,2.5717022909574188,2
4.501452388132156,2.8189008169605985,2.7928173211174676,2.9040462853277442,2
4.708612624531753,4.094289528583846,4.343154531566364,3.414560467185332,2
3.273519273261398,3.039313215601291,3.6054904651185407,3.7692060871285875,2
3.953082140401337,3.0913725591969974,4.681904386076878,2.8904445458764125,2
4.7210023019627485,2.5341690817672586,3.606589091178745,3.2667460276680944,2
3.5329838520395764,3.812528531655815,3.5018550634292307,3.4541477556936684,2
4.185263855450605,4.077515432698869,4.41652394868245,3.0749056568508397,2
3.901915572434346,3.845948006403564,3.3503969650071843,3.617932346376166,2
3.221698929603176,2.826242114519066,2.9917427845242854,2.7426813867227624,2
4.071060022937285,4.0196730041510484,4.686394654633707,4.178260351388655,2
2.619705429139102,4.533763900036595,4.4841528747751696,3.5196367377772066,2
3.847485016214219,4.744980164686793,3.7243000368507824,4.582240205265006,2
2.6909891429634287,2.9394192980299705,3.513736369915031,3.8449406591758004,2
4.37732405928444,4.77300286482933,3.3943584418904678,2.6090559631221955,2
4.342694457579247,3.8900756538904586,2.956648575396864,3.6381054502292662,2
4.207313564727566,4.27194711025788,3.6491223475971526,3.201993419296376,2
4.739607938688534,4.025734005199934,3.438946294496487,3.1450654156707003,2
4.181536860908193,3.0570219248656656,2.8949329746394827,3.7186179446127614,2
3.1669710030815263,3.946481833324315,2.771258952210737,4.00636454050484,2
3.151582014394715,2.5005587491993793,2.791952932650606,4.647315369020716,2
4.494915669965323,3.0373007736833446,4.29025538045463,3.8997146643001406,2
4.7330808363346994,3.359293016928336,4.0673594087894935,2.6461321615750126,2
3.4113688976777334,4.7167806207328145,3.7396560112352772,3.1621228576701426,2
2.7766232151957957,4.11811518241752,3.9831688998883714,3.3600590412886815,2
4.687165109291419,2.5510664698720555,3.1985648587531994,4.618459818489037,2
3.2381515081347128,3.080181517866892,3.7287069428418684,4.394744024817237,2
2.7372375500202306,4.668947632185192,4.328667626716677,2.9168755877685695,2
4.137618310755774,3.3854050620663814,3.425277759575533,4.301567212609393,2
4.714405058355684,2.791308507548546,3.4674495448212843,3.606165698593898,2
3.3655171789964946,3.3353349845473175,2.620217935391672,4.076738827294033,2
3.5032931593761045,2.9480257460810315,4.376877055294758,4.345889720748744,2
3.618700744604456,3.186436520639849,3.9676132693318404,3.162749912288027,2
3.0428182397445376,4.180183704260552,2.5927480513581864,2.717967483379566,2
2.5156128002542566,2.85176932889348,2.6586770200340566,4.790345445893813,2
3.164262930894406,2.8433164291392687,3.0542913933906113,4.6530888145423095,2
3.69636851295611,3.339081621508071,4.508800353191204,3.4084776222627746,2
3.2705197109027004,2.9767498018643916,3.3689326949916465,3.22837401883893,2
4.057799106385724,3.1660402207426723,3.827559416771891,2.6515519795735374,2
2.939965060401983,3.437032124706102,4.654983283989999,3.3676795671460993,2
4.027370478759618,3.0867006115692157,2.792177224738433,2.6346341801841153,2
3.202451046648328,2.8626203616328882,2.9002240304370854,4.249746409289985,2
2.5364275631732105,3.782963289191499,3.372761175364969,3.6650649997896583,2
3.794509545593587,3.22074569725174,3.178750378423856,4.186824253470283,2
4.503937072678662,2.942937754654614,2.7245231492308424,4.5649303547016595,2
3.304759566389017,3.7680299985244723,3.326949232396008,2.789345373595918,2
3.8554627833797745,3.707823959070148,2.9668851861397534,3.539298802700239,2
4.3329792592359855,3.85798003714815,2.722909852254088,3.7604494436270106,2
4.116298088366049,4.323217833295728,3.9469704308588134,2.8511137784438025,2
4.13339851315737,4.057886245987488,2.5561818307634563,3.447019635457559,2
3.2657855680134587,4.03964774778338,2.9971123683151175,3.859005422840794,2
4.600373712172596,4.334945456079797,4.61935279329802,4.750563723945187,2
2.5245412921141743,3.9323049356681983,3.449530614845485,4.477665327770779,2
3.0791738146210026,4.756367824964675,3.9115283299506185,4.325136025126311,2
2.6968789714923673,2.9219531349453893,4.244328447978667,2.5505690006904445,2
4.378819367555701,2.5320827429913964,4.011373329840929,3.3397160165331536,2
3.906438161254158,4.100872236074961,3.2876930041284997,2.7483136306549216,2
2.660185495821011,3.85455285189386,3.6975073135884564,4.207062320978604,2
3.6723916730090553,3.471625317071022,3.4156005099433306,2.5608278759746352,2
3.2717815639023113,4.744846362306337,4.509177825322304,3.2575695541787004,2
3.851929431652656,4.448782514731636,3.514930974525158,2.541303086625347,2
2.6713740621828723,3.6739032591020253,4.729710564054519,4.094381947103396,2
2.66310724030871,2.9355300143212846,4.274043229398755,4.4353114478993625,2
3.920697548233759,3.982173290148578,2.5651761358817846,4.40561959703747,2
4.313032978792908,3.0957808314376987,4.129956455920666,2.9941655947774954,2
2.59275937041848,2.9626140479578678,2.9108464165348886,3.2768203924901487,2
3.4624338435035535,3.669639450444728,3.5965339136691545,3.1225515937201656,2
2.567092537720371,3.8917337311454467,3.410213108648915,3.1869459619913645,2
4.493964398510178,4.217509607935767,4.472860761256617,3.63846042783866,2
2.8011418798915884,4.101309303078926,2.973969693855503,3.5148282389109484,2
2.6495018145824436,4.398209325572859,2.7896634744092514,4.577124266213412,2
4.487730385201582,3.568540358210266,4.212046869899178,3.9247236697817525,2
4.347073977376813,3.4931517318075977,4.307359513762005,3.5636506792498404,2
4.664221312038426,3.6186558318978395,3.564024325447578,4.305665281596079,2
4.389628691049927,3.7753249629386927,2.9135349710386733,3.575843931202433,2
4.72656675669226,4.231868243990125,4.365673988922004,2.5754986472842525,2
3.576076764058568,3.9872286074123773,4.409075172344572,2.613329403240374,2
4.460609436976307,3.761322154506397,2.953822132324938,3.22968699783431,2
3.1484379690285897,3.7209757788634943,2.6188770637956034,2.864633164549824,2
4.369193999764299,2.8049891787176655,3.036811419753692,3.542752392889562,2
3.68937804266066,4.256304103112565,3.5288645813322317,4.316688628381739,2
3.922196506204552,2.7601294006747916,2.859562308303529,3.5051775685344726,2
3.412845604104791,4.210151820165778,3.8356954215339094,3.3927060863051732,2
2.8927486519358867,3.0217253353486386,3.8236523424788356,3.4739092512695224,2
3.684333270379546,2.8925581011951373,4.024684380392501,4.460839103968724,2
3.0932608656098712,3.6304827194132008,4.743712856748074,3.2664560032666734,2
3.8686065933246505,2.707450110460562,3.8938345057027193,2.706153078600621,2
4.70624150124479,4.146024099766316,4.312767512712124,4.119440029774765,2
3.856376782975871,3.534799396496662,4.474258773450444,4.700722035349045,2
3.647783197679387,4.642530613057103,3.8416656929735904,3.7382836298617965,2
3.54531028579732,2.9813618515192757,2.508555219881536,3.055464321768941,2
3.6723632946882,3.373907890197431,3.5315160244060575,4.755490904997314,2
3.305626452539453,3.540020760528248,2.807085768111485,2.6103027846050715,2
4.2834418835627375,3.8125713026655506,4.249621053900959,2.844684437439069,2
3.815206173720189,3.083377690985164,3.0245421788700457,2.526509832321866,2
2.7997836642088654,3.2113166564492994,2.7688211493591597,4.767474412945156,2
3.2098550916050863,2.7997450774153547,2.957889319504303,3.851717425185396,2
2.6473001048890135,4.4835984993246605,4.711449262245439,3.0675190675349757,2
3.5352191177589765,2.5509092373678435,3.973633516872609,3.4520299335209543,2
3.121134472033578,2.9757253544181994,4.0042530786151485,3.457299171374323,2
2.9132163647687976,4.084950887419695,3.7996662509843953,4.474945726337841,2
2.770194567415934,4.307033184472249,4.049088609679695,2.764525154704625,2
4.098087678704958,3.51555876442361,4.673465006778439,2.825706106421168,2
3.978516798876197,3.378554104564776,4.700673742359019,3.258942259167636,2
4.713027591831141,4.573417457531723,3.1218814412145095,4.348146086700783,2
4.789889664148063,3.081124904993949,3.504587489443635,3.696415694103547,2
3.1783416123488877,2.5351091311858687,3.0062972616543115,3.1484548339860443,2
3.52027931303183,2.8935357003508244,4.508485020390847,4.121295605282073,2
2.6959610983872224,3.995212637621842,4.003409895732927,4.699308699380344,2
2.5069480041191707,3.0702446345533563,4.633920402563225,4.643908005416051,2
4.157348764552466,4.261255638409342,2.7104108032381884,3.681914419989937,2
3.0326408799646987,2.91680150031132,4.363697587983665,2.810587714365259,2
3.5778987650916863,4.658729951047876,2.9274137278002876,4.74938487459794,2
4.786862367250436,3.777919455769527,2.891328302407463,3.2270412422640598,2
3.4763335151560306,3.2114457160239125,3.145461833715986,4.736128331197622,2
2.852739103056215,4.186654190048783,2.500943665710102,3.871220139625467,2
4.606668909094321,3.162248416414404,2.9267097430927542,3.998863528220382,2
4.138983236786304,4.082470193589557,3.2344288240491603,3.080065524966461,2
4.698613239912701,4.623588869020837,3.5518282027534864,4.4462458921550585,2
3.540343998558881,3.476094741566774,2.8605547794783774,3.4807339299315374,2
3.736058958779556,2.5517599530859787,3.5214599119034347,4.29711930230896,2
4.064105929660821,3.9608610743870507,4.5919774854055655,2.541473622598029,2
3.7812094482421386,4.310902351342326,3.7450713802129147,3.244959770934872,2
2.8133762997115492,4.541395065177239,3.582753502491487,4.519664953067113,2
3.8474598815962873,4.050641868214502,4.349800655070435,4.016057752580309,2
3.4155261335615568,3.681356783035897,4.347004706754523,3.3593956816578636,2
3.392679350567543,2.720087266933403,4.60354420101002,2.709383524374516,2
3.9908811081316786,3.4503473012464347,3.432924597587517,4.062969224117173,2
2.654315585048721,3.8655233007882996,4.275673107736416,4.404889343139167,2
2.8922198956056833,4.564063815179799,4.009136011249117,4.52826604188757,2
3.616145649353456,3.7466766937235647,4.613788037165944,4.569791949715745,2
3.5307700087487044,3.1311490527620682,3.4042919994978074,3.3918579556184243,2
3.159793812460426,3.117733089965823,4.480444753903354,2.660682417574722,2
4.058505718829067,2.8974861183498404,3.2923635548063452,2.6415489785101247,2
3.1209393647675627,4.267368463569657,4.535535246458695,3.0095124493754444,2
3.56616003029552,3.5817453102555747,4.509223203247389,4.254437821614353,2
3.6800776022465147,4.042718561085079,4.448916623991543,2.5219395942587535,2
3.4266470714151116,4.586659284737281,4.202719970941088,3.7485351609683715,2
3.7181824121808065,3.299871224490207,3.6971972273754834,4.007381358765942,2
3.462234988386224,4.1425522367020005,4.480834122698887,2.8557751508251807,2
3.5385581524800758,3.4384462099556865,4.081169049314374,3.0746951700932375,2
3.9725771043902354,4.518225255982422,3.461702679525332,4.595336109952206,2
4.784276599547001,2.7440117148802896,3.036022332365175,4.685873428408814,2
4.70415367890719,2.7247267333895446,2.534496550867414,2.8705300534897713,2
4.79082940177917,2.91399911820458,3.6558594954606534,4.451360770790175,2
2.5469237045828748,3.890324659194457,3.137158532400136,4.4833703078113825,2
3.151960643307382,4.079538156648391,4.0507051546290125,3.009435162377172,2
2.5800381596972053,3.441274019706414,3.1651442495215,4.3606488241115295,2
4.340837633447294,3.5511550900430384,3.8949781182434036,3.8897968867699277,2
4.402463741383533,3.477505552483354,3.133527363518171,3.109580311723259,2
3.7332422423490694,3.5330408662840886,3.512277773265353,2.709615879906327,2
4.1527886035874495,2.991594382358395,2.9529933494800593,3.449344136638005,2
3.0238901857209433,3.8428740148084355,3.3543656804692845,3.5324969619634174,2
3.7354894396892666,2.968131701708151,2.8582287325907183,4.524970376609291,2
3.497564516512268,3.44781530215484,2.5819079456275356,3.6453454959510045,2
3.7745903597053,3.7853340031957328,4.126171689442634,2.908208220479327,2
3.080113208730423,4.364680070029949,4.678492418739806,2.8126453189448375,2
3.644593975362002,2.9926053813010496,2.63816828721646,3.2486576776901113,2
2.8304815379236894,4.1328460688987665,3.727568451444322,2.830819283277715,2
2.521255653332683,4.358761212755689,2.9052471341777695,3.8942982771077617,2
3.274920400076515,3.8466176581245817,3.2260033420593452,2.6999609895921846,2
3.012785019682833,2.932534702901874,3.4844445106111808,4.0140527018801615,2
3.106753972376622,2.527760851191421,3.6935559378089406,3.893246825525636,2
4.714602136204162,3.855782847114468,3.583696886569726,3.818823739564719,2
4.634171448682662,4.405269734883786,3.242851086736758,3.045685036411416,2
3.1040573084419694,3.66016839134499,4.211313737825729,3.6574041765208127,2
2.655931710404659,4.164235611011956,4.353731295943193,3.165845089775355,2
4.027489200351706,3.4811613724251047,4.5449745181731185,4.444018783769701,2
3.708493596112177,4.090462755371267,4.531704312350839,3.6401491231800334,2
3.2204767031242905,4.233432117192037,3.006152386004791,3.3936216404138966,2
4.4911726453456255,4.166171382619424,3.428765312069248,2.993912355539222,2
3.318727298914144,3.153439543223096,2.905005362270864,4.20966570120101,2
3.0797607397553945,3.5445851813858567,3.3874767277230506,4.758777970861951,2
3.3995121615409074,2.683959710432536,2.7065992309157934,3.858733559112049,2
3.8785361689980107,3.463145678110106,3.493240492317668,2.6240449405340036,2
3.688056973895303,3.660900793374809,2.8439634326809724,2.7388305880551336,2
2.784216728378828,2.7323649669298944,3.9023288497345474,2.951910100526713,2
3.0782893500311657,2.8992159315483113,4.703021200231557,4.465620165249222,2
3.030138125908498,3.2534024760208897,2.9827535373014933,3.6313147067598948,2
2.545104224690783,4.04414642046263,3.7032637445805756,4.566869535092538,2
2.8781031739553526,4.349451265940603,4.321510333273446,2.79251673519884,2
3.4166862155314934,2.891351074632389,3.0858571510523625,3.105466202110252,2
3.779343706259277,3.4462451430490706,4.679785449214502,2.7906513264781116,2
4.739491910155457,3.030468872492807,4.277610053678262,3.279630830197489,2
2.829087209459822,4.473145126066352,3.2103800682438655,4.015367429721737,2
3.802820475699241,3.585039511599011,3.64038478709164,4.1841472024122615,2
2.7018777024839133,4.036815522503182,4.560367833216731,2.6329128531456876,2
2.8235026802374334,4.148253454414672,3.5057477909626202,3.428161827871483,2
2.8150232594517424,3.6655710936509127,2.7910542157516676,3.5962270495142428,2
4.25631518761181,3.094008023140476,3.6058081868133725,4.781636729612722,2
4.079295973714285,4.435120574001957,3.454149495089255,4.266080123189467,2
2.5931710977650404,2.7826957198471636,2.967062363716143,3.424489426615005,2
4.445213220149255,3.2964119168122403,4.0056287450855645,4.131422878048012,2
3.848219414403185,3.321656526791313,3.827222685941152,3.287210863416416,2
2.692909598669628,4.783449149827833,2.792519643354775,2.6664012828229318,2
4.520620723176458,3.194219720053659,3.9956830403690673,3.2567131782231353,2
3.4003448228272837,3.1028598356386317,3.2890012133239233,3.444610921349049,2
4.156956958912389,3.6765332467400214,4.670199999461047,2.5963249058291837,2
3.657057142053665,3.8437170143129515,4.61645306797083,2.6130646043292836,2
3.8190490453509964,4.463348835614301,3.056433774674244,4.515472401605056,2
2.543799841330871,4.184645647007578,4.646160408687901,4.011554621772143,2
3.50976726115503,2.6032263378872513,4.616261770642046,3.581681312190622,2
2.5666925119726804,4.0865884640561525,3.6082256832253936,2.7859942301175447,2
2.992825161413597,2.6483285650484465,3.820875141329719,3.930667802279621,2
3.663207286217522,4.379334905906014,4.480320289008431,3.915936112371191,2
2.5293399033270902,4.099028208219792,3.4613981989168083,3.8007822114206897,2
3.992885384643434,3.3055442129522765,4.609326561895127,2.8081421935244966,2
4.044477156746386,2.510027033900135,4.626697542431916,2.7587595064476105,2
2.7182337293394214,3.2659175560201614,3.3592024578898854,2.9928901663426206,2
3.8457798201323867,3.5187024254965165,2.578603854794501,3.2351997431871915,2
4.3639957012182915,4.086313530182298,4.167202963233725,4.105668925392104,2
3.2152379491809766,2.7292270207765843,3.1266745232761206,4.413106190425866,2
4.755082834901064,3.635848133905591,2.5223108163229973,2.822103067908727,2
3.2407853232274113,3.830746301763784,2.6727153853522223,4.669721787032728,2
3.3396924485541217,4.598943701227093,4.29520014634115,4.2375057267858365,2
3.8954550334991334,3.9416027792192425,3.9674074409973707,3.946059190158839,2
3.773574932216231,4.768752242510644,4.184268305079101,4.286976693302798,2
4.5066644746924505,2.995971454269453,2.69274956591864,3.6106572041767766,2
3.682385599924328,4.407118093884811,3.5207022323493717,3.8129619587519192,2
3.712263158580954,2.5878664026419993,3.914994262172902,4.40449955728078,2
2.862251260574349,3.8669629880311702,3.865304252226753,2.877625417329625,2
2.7839662195806927,4.754119468845914,3.4055540902019863,3.023069976064117,2
2.894046452245062,4.0354839412414405,3.9017241838527412,3.98016988287106,2
2.70241386327634,4.555129542046405,3.395312712660811,3.220749634789823,2
3.5634313286698003,3.397151951219545,4.486227107220035,4.637300242955152,2
3.1979423978340944,4.487052357157896,4.297503197926054,4.640857646392952,2
3.065225718027542,3.8270060452782517,3.1314525449030226,4.3954173281140605,2
2.512245638313448,3.799084074638711,3.2801678919254114,3.2421725262789867,2
3.983284544889309,4.458414233422186,3.90114940020465,4.462297850887461,2
3.1085733573263687,3.6948542659594565,3.536234039854275,2.5267832688571215,2
3.780667929223702,4.021505945536202,3.861403130163861,4.193443767201869,2
3.8140809154420774,2.653525586156741,2.7678247053948364,3.8718915283510906,2
3.1324521415393725,2.683183796779961,3.4880863099316572,3.774941975592407,2
3.256115773204095,4.156997515119289,3.9806723986328625,3.2654822305108455,2
4.236206816489689,3.9919985978259813,3.9661243710511744,3.7728837118102563,2
2.5261962366036714,4.101966521996845,3.3648961195510596,4.668002333364908,2
4.381364973477572,3.8516972799220177,3.0800185581843196,2.968550004538633,2
3.282885126658363,3.5961062702340425,3.180950673089578,3.68433783940271,2
2.8803519786803276,4.74873946949865,2.748226476419486,4.643471521205056,2
4.6012294262261975,3.708329108184845,4.167293625222994,3.502911085336952,2
3.9490795283476077,3.283324656068573,3.1926657455065244,3.8299285081898815,2
3.6456982506231546,3.832933649044956,3.1593193369601527,3.3440030131790888,2
2.6929653094464916,2.620235656226073,3.0829513982479373,2.6707677764602553,2
2.7386818298599036,4.369735332406055,2.5894095031383855,4.015568426049908,2
3.1268828222754212,4.504555065628691,3.615482254528249,3.202825856453999,2
3.6905695520856994,3.378503443804118,3.797892448740609,2.7634255971506008,2
4.793078156468868,3.47877851870245,3.300930471326948,4.133482651127409,2
3.3369686349392644,4.4165309015661425,3.544822666028978,4.1549843505105,2
2.747142397816339,4.446074126776757,4.192151369589652,2.986948590462521,2
2.8341578224153094,3.227472402068936,4.74496234787338,3.0907126215042346,2
3.5490925805772564,2.5690465191498735,3.413623318002335,3.8140360354961365,2
4.69218660876832,3.688492903362148,4.383946850208682,3.758393577908471,2
2.5938055309016916,3.22451903293648,3.8237638680115373,4.686366121641585,2
4.475999827427836,3.0252179126113496,3.006252609044076,2.962697824361972,2
4.621747461495757,4.461132152133957,4.282231894181782,3.4032907627157236,2
3.660075619887164,3.5679630130288515,3.082815647386557,3.661564506142164,2
2.570142060061335,2.803163859044156,4.539156071188577,4.2288634641722735,2
3.4725973408359003,3.6894458332529174,3.350997437707948,4.203793694469546,2
4.303630512233783,4.255555937467266,4.162006967119234,2.9703599789934305,2
3.2773309522531013,3.5806445004624523,3.260823880283608,4.236362460364156,2
3.257513105774896,2.8179337996062754,3.4177930397110994,4.753803195399474,2
3.0195272497472248,3.9079649155694267,3.4958380146313246,2.6633565055934514,2
3.622116193795537,4.114977955891119,3.680405944403983,4.505843946617136,2
3.16455513831244,2.6983730939991193,4.654100906813413,3.3698516039149036,2
3.8257327683433564,4.321607190099451,3.245921426913835,4.147178437808505,2
2.8114633545810044,3.169975618572662,2.8328344631139957,4.365830284323123,2
3.0120932410216064,4.150028177431984,4.669586313665,3.713876080858417,2
3.7420671421995815,3.5603772066249677,3.2495473298053783,3.5940065711273093,2
3.8864573242135467,4.767780615992516,4.656858486431915,4.48295180407418,2
4.545000232121174,3.5760531215716984,4.012121952508169,4.558653462753292,2
3.403786759480112,4.712053700194578,3.456307942759121,3.882490130404396,2
4.132550840526456,4.686361630074658,3.062617430320212,4.216101249948877,2
3.697875848131389,3.1176814234274746,4.2861957315316985,3.770111244399847,2
4.020239787494254,3.242672457729172,3.6069300892034915,3.919914777272554,2
3.431294872820641,2.956256841649713,4.711773132325199,3.67637534209802,2
4.188016851661711,3.4454085451789336,3.3168030572591474,3.4364778864743872,2
3.4411522807069943,3.7516142666664933,3.749980700957135,3.6434537765306048,2
2.8100073053101076,3.6409736005512214,2.8889389709674984,2.7901123084802597,2
4.645085149884686,3.8913850302397197,4.016827133686544,3.4241254417667366,2
4.590656051404188,3.9672401260332304,4.269090699904251,3.3476936787637417,2
4.708027325883988,4.387060967364125,4.46408146493345,2.896046815079235,2
3.123215378103805,3.156941179272227,3.1230912134678035,4.467438772839862,2
2.573335028979762,2.675029974655781,3.1300042024487786,2.9597078416937204,2
3.033277111930551,4.3352693352825895,3.7951911659517075,2.5132725209738265,2
3.487442361119649,3.4381353317558254,2.76207411972245,4.055126113783351,2
4.11482353327283,4.158054403819825,4.175483174784762,2.5001215019442826,2
4.69401784884746,4.372680164225725,4.579157902155356,2.5359795792070985,2
4.6478752303072,4.362513615982641,4.425604028805006,2.7145609848605274,2
4.199189466512775,4.70780838617681,4.06065888526177,3.812291230636595,2
4.674948258822693,3.5187553799892024,3.8783752025141007,3.595578075037042,2
4.645546309128688,2.6749948715606666,3.6525753118983006,4.079990615186508,2
4.321385038371145,3.8409428891215134,4.590510811479344,4.6665803278329046,2
2.647934213345242,3.425452240945161,2.5539557499586554,3.257658311961219,2
3.734796901332385,4.594828340172882,4.447074941670427,2.793249371345567,2
2.71396986190406,3.8553148791403338,3.7238713366552,3.112668575289055,2
4.568742094473821,4.632942741761573,3.426006308182374,4.547695881361097,2
3.383082456804837,4.19467871320831,3.594667100359765,2.781941259966521,2
4.634248662845149,3.544422164768334,4.189320192741528,3.3444997731919717,2
2.54342602072534,2.7312198249912227,3.6413048028268262,4.086918021390633,2
3.269891251132342,4.099623456108596,4.106861855693499,4.119052586854011,2
3.6328002642471695,4.604238145279459,3.6251519913554158,3.5356099450422676,2
2.958575883724442,3.207606700919574,2.5973693327920975,3.9571311753171914,2
3.0716322110323135,3.19955708531657,4.2728733998279385,3.252608721271344,2
3.057050551630227,2.8888328230075233,4.282174325018499,2.7983243933770616,2
3.5436336485758133,3.665939266977547,4.080996799177143,3.9565520093658897,2
4.364657547773902,2.602928298030348,3.1818136669926136,3.1443084731833735,2
2.835838882861849,3.165109983869819,3.212460222528678,3.7003342624332,2
4.026520301530389,3.3765311813071723,4.154781532020777,3.273180278733034,2
3.167652457823949,3.7447325284711557,2.554547628703318,2.683514984358201,2
3.461329950249012,4.668699236201039,4.159477093639874,2.702691109851283,2
4.44653142939601,4.184291772398816,3.905177009116102,4.386673809401108,2
3.4294526498088014,3.0094524169638612,3.6776537949501464,3.7623360378649897,2
3.738150655622798,3.799669720404242,4.682021311950116,4.575164933121332,2
4.514149184085561,4.343258665089842,4.669884646710156,2.7265376758626276,2
3.1097835013252006,3.6386286750055454,4.447029334183831,3.6618811365022843,2
4.220479900485654,2.819607782072507,3.0805517698460885,4.183085018586646,2
2.878888220441765,3.3081186497063317,3.109192392971214,3.3046818967117004,2
4.129145312879332,3.3460485166284424,3.7771056419982623,2.729843317225142,2
4.3515406944396435,3.350743838990687,3.9916285657766872,4.1683960838222145,2
2.982220120856911,4.534752465392705,3.9173157786959916,3.4860678260284073,2
2.9193709222299047,4.667292157172776,4.236656869502737,2.978456494286472,2
3.2767347818657164,4.362250793602568,4.100058625395279,4.261303873246166,2
3.5147625350897442,4.1478954040769835,3.3889355625870015,2.9859047089578516,2
3.955157180135128,4.7448320288772265,3.214382234209258,3.5602300620888414,2
4.050203153460663,3.745464448881722,4.439883930130813,4.252008224879886,2
2.634083568883421,4.79636883802468,4.230525643554774,4.486977627476461,2
3.997754737819297,4.469455794507553,2.7584808423360316,3.299797021786426,2
4.5157681702903325,2.9638069859138523,2.679956826734052,4.3126735618740035,2
4.421618157979581,2.8741001018367713,4.464995760400246,4.07956592987349,2
3.696190171398143,4.409575443397186,3.464273273433621,2.9461860993138136,2
3.1551611562044113,3.661877242074624,3.722060823148304,4.352835900814837,2
4.320111264400369,3.837143081570522,4.295806611740596,2.941078954075443,2
2.615148412314577,4.50935779205981,2.67377533565437,3.067383388411194,2
4.099233584136084,3.4417302565428107,4.51552213080567,3.18535352772322,2
2.527304097339526,3.1915079732897116,3.8295726131251127,3.3646582634275743,2
3.730207338245137,4.516175673320543,4.598715624729847,3.111740348704458,2
3.5629230885207717,3.7630312350553377,4.682958650842968,4.796819834078084,2
3.0414366723355113,4.172053704095376,3.369471443136349,2.5186488528382904,2
2.5212808016025754,3.5593018173931883,3.6231702999099697,2.5519103021189182,2
4.079933058580895,3.176207793768392,3.787754133532683,3.192113868280463,2
2.8844089241994064,3.436499598777413,3.0342287390181517,3.7300422469140866,2
2.957305619658904,3.669333746282642,2.8619705841983953,4.043241831817305,2
4.234056674215275,2.7539067387748477,3.57594554768588,2.663004911506209,2
3.8758196247466055,3.1081298852381845,3.713536250729028,3.6901603215838694,2
4.626014996245741,3.7628914119080625,3.840896503352126,3.4238021892580743,2
4.682883087320478,4.287527591711102,3.1564321676965355,4.441682047285333,2
3.4945116284257067,4.405934430127266,4.392642557075055,2.934401429554565,2
4.112624602182227,3.1684788294050215,3.184233140983137,3.1816005768253355,2
4.16880696938788,3.028599896122833,2.5020834210660077,4.1450447630100555,2
2.8937249108207883,2.7403095092080196,3.046287077366338,3.373771201342219,2
3.5945845531883616,2.602511093639051,4.7323186650429285,4.146945022864983,2
3.243346350245973,3.233003691756414,3.531647863547456,3.9403630923549757,2
2.836658053154626,2.9345385716593904,4.476699540517167,3.0893863249448668,2
3.374448495342908,4.503925257185269,4.025240007619592,3.285937322485883,2
4.072508955166628,2.5452713953772514,4.19197811802614,3.6201368931873508,2
4.370318938754261,4.695666599614877,4.629313663837507,4.591309599947284,2
3.6779908986479404,3.3283268625195577,3.5695812468805475,4.086760807620729,2
4.533194886803729,2.976068496900275,4.611844264461917,4.374914533530744,2
4.75136883490994,4.52457907854788,3.1438558582913854,2.74369859609131,2
2.758154465580654,3.169813632730035,3.9126225651644404,4.349936750023497,2
4.568275706057598,3.934632784049235,2.5129520193205237,2.928528585992627,2
2.729370268862746,3.335646293808723,3.653107285357615,2.59981351073069,2
3.301499344330007,2.912113251638242,3.98826138239541,3.567826449445982,2
3.6392305879479903,3.4836911124769605,4.698845334119104,2.9938907877795953,2
3.688327797640911,4.192839947240272,3.780742150209494,4.636748037148642,2
3.3693272179749534,3.566454353278309,2.7036013249938753,3.900697955419435,2
3.1628875274306436,2.8687107908858085,3.7524219736803683,3.7243136057737942,2
2.6745047748153095,4.105895543037287,3.9346760384969617,2.9347397503169437,2
3.5797001829543005,4.156742707900688,3.7177022032449356,3.409624875222211,2
3.2413784535861705,3.903905893281323,4.659950006113553,4.0450131330982115,2
2.671915578363526,3.5595754390089076,4.548895502474443,2.7172635793424997,2
4.77441413791635,4.682859605384468,2.6800313056787144,4.646850637033976,2
3.335204957596763,4.442831084274483,3.4622816767405244,3.513966759215786,2
3.958759109248348,4.281298064334761,2.577715047180972,3.8642587897124088,2
2.9294858864239535,3.2956838910853667,3.300327932156998,3.578838782508653,2
3.2685137473151986,2.746930572436536,2.834946098608538,2.5769073667905245,2
3.5815728962561346,4.6952296981618735,2.766053014390668,4.676408333907089,2
4.186731483883815,3.9662472467485754,3.9841388372441946,4.401473591311449,2
2.7459156880735893,3.660934944200746,4.103309617999745,3.8496870236691967,2
4.415391863353578,2.6662249307261083,4.088612390848081,3.728263779884851,2
3.3720699871538695,3.282632459138271,3.9279150553806437,4.549289361681809,2
3.641204630032565,4.396863277376916,3.4249596782411253,2.735507264424306,2
2.6414631938548685,2.6180690540444584,3.374345326502641,3.275646826922437,2
4.15125515433191,4.208489453645191,2.6169641283176017,3.0085835046447342,2
3.1308022553654693,3.7595075635284614,2.8323850149859857,2.8080648046200007,2
4.670714445178303,4.3496666867848965,2.9155062748096916,3.4351059581826293,2
3.3179305982924006,4.319309370350437,3.6734897078996807,2.794054395084974,2
4.199681745259361,3.4128423499173133,3.104725769553938,3.363646830647656,2
3.6448400962958614,3.2891656877591218,3.056383276961043,3.4165546662491546,2
2.544097694724766,4.276745046021522,2.8931732552054474,2.6009806113504657,2
4.0035069936816825,4.280053096294446,4.371807002663539,3.6350711201193797,2
2.972346824786966,4.195623657674601,4.109340077454975,3.0664226884372985,2
4.577837838484424,2.740054353590507,4.760182951060049,4.478569965248169,2
4.082166884601873,4.659124743043615,4.161315687144528,2.9380510931691055,2
3.516959117659467,2.6644569559627613,3.3962120712626653,4.20568694539558,2
3.38881970714088,3.2596766035767084,3.869318161773717,4.506070416697458,2
2.6094413428560586,3.3865819998093913,2.863953706175104,4.0993147766833005,2
2.7431664889916103,4.029057844734562,3.1582160028351867,2.9575086715956167,2
4.653610882997466,2.5426065265156983,3.5068877253460085,2.5497420826621258,2
3.6122640106399566,3.652408968927162,3.239823684207918,2.8039720883075545,2
3.3656913367892933,4.046204761844901,4.299510359882256,3.7207263854927275,2
3.8566191072114377,2.961417653586701,3.160859766423594,2.872359903120424,2
3.073379305010606,3.017239594518723,3.6947322086998464,3.794184138318678,2
4.67337906788946,2.949812488333503,3.9758541333714406,4.379696318671303,2
3.7885553667010208,3.086508400752474,3.1038655290460007,2.5902820220633,2
3.202521721061508,4.2125884617077745,2.609290841576354,3.0043791497611103,2
4.124334746623099,4.300098594492616,3.5472323431424355,4.105570978500892,2
3.392289987906252,2.8678004635554935,3.4157438351026848,3.8339259864672286,2
4.6805225482616475,2.658127189803958,3.6670064158434093,3.256515489884666,2
3.6691168968363974,2.5551435289660227,3.219958315813637,4.385696739312111,2
3.774065987865666,3.53633973347707,3.156707664945281,3.1854978024201186,2
3.3811332972583443,4.421812632918488,4.724590375659018,3.508907377105861,2
3.404711529119852,4.447066784385685,3.4818822374634983,3.7696417962799975,2
3.0311658285771124,4.210055832291873,3.723573132022798,4.360779465552786,2
4.29568527906594,2.994510967021066,4.145961766282854,4.340125138288154,2
3.2960466537995083,2.8970009596752315,2.506053957833053,3.5370784021142407,2
3.3105952825393357,3.7762926177984406,2.9324945129542073,4.477230759632893,2
3.0928369959446522,3.020788091701595,3.6056423299140183,3.647357354611831,2
2.9946960262057134,3.125279671469606,2.890322050057063,4.152458410143284,2
4.271204771884388,3.56335554415635,4.14240015217554,4.192651401456125,2
2.8180337136589597,4.722209457119434,4.388373478321791,2.970311960750394,2
2.9281795822159618,2.78902063483304,2.8182706938464124,4.2207721377660015,2
3.5802047909887342,4.300748597301695,4.216386257005473,3.89060924106201,2
4.0786431951309625,2.542218166072026,3.2170885876515505,3.9669910122966434,2
2.521493393018362,2.5758469704699647,4.459342359681881,4.073257181891765,2
3.110350386176791,4.08231453227303,4.3226503390203055,3.205626851153233,2
2.582885968248131,4.645391986781789,3.29391362807995,2.7449080555548244,2
3.631270804204239,4.267475930027508,3.009788823620386,3.1198271153067356,2
3.0582444696367412,4.78084802151286,2.9540285875802477,3.823696499022085,2
4.628108675811018,2.8378621084188924,4.73296465509571,4.679197639109937,2
4.534515570234004,2.993479999059005,3.9583266288252617,4.250050387810852,2
4.767864234851788,2.914974790787152,4.261859568894382,3.2792426908323598,2
2.903940870806405,3.4691669647918664,4.3258225979418174,3.56915454851932,2
3.7363031304670113,4.7888666434602785,3.41795138898208,3.9154217358312513,2
3.340061663715355,3.4034069865560213,4.099973732924439,4.657140045018232,2
3.747425586132339,4.267319836582193,2.705175085279017,2.985663486093432,2
3.6549027741149245,2.546026964346182,3.0815664511538854,3.690022966597422,2
2.5344107559894917,3.108456458319896,3.6822708847945,3.8182432703568647,2
4.629228894027202,3.9842949334763977,3.4538923458189856,4.639807707406056,2
4.305230861791927,2.9600205185593196,2.8009374311022857,4.054366762208286,2
3.787731280827063,4.316249311723338,4.1992516151809784,3.9379865278722845,2
4.768678994746452,3.72725637925394,2.7601432399539556,4.405029199076774,2
3.0792627333951303,4.287794940731012,4.701346320800118,4.102629682117985,2
3.8708693701845425,3.558888204052593,3.3381426917894275,3.3119109272352234,2
3.963657223132058,4.227928168956815,4.060589259814153,2.956343232745194,2
3.6361705143300296,4.320772166021045,3.5941193798348294,3.734233543391636,2
4.273612910792891,4.02091020440971,3.4414933180295026,4.559449235746703,2
2.8739042579260006,4.789687831757747,2.7733609304953455,2.5343849335397497,2
4.547043472642159,3.063393069241699,4.178309143127458,4.365335362343759,2
4.475668699373869,4.7806667420275835,3.176291333091998,4.133559686432696,2
2.765419674045905,3.4356613701207537,4.450334894618957,3.3456135059359493,2
3.859519375231912,3.6586789205666586,3.9856885215577034,4.737657095591699,2
2.628191710953225,3.8201114902537485,4.484966192275655,3.6071802370213835,2
2.6806125276656174,3.7892405105585727,3.263769948894787,2.8563661062772527,2
4.452779380551988,3.6996788798795794,4.6465357484718535,4.353837960587059,2
4.093835125679435,2.5115586577402174,3.483993950267975,2.9542184477996742,2
4.594835195412395,2.9015431647556285,3.1579381188163564,3.688724565789348,2
3.105736323695582,2.9826887577419785,3.8779284477363305,2.704537902336555,2
2.633785845058127,3.356164178927964,4.157528245368083,3.77605554403008,2
3.4726158774735914,3.8012285977165394,3.340538414702529,4.653136571493859,2
2.626281249094781,4.048800401768621,4.549950129103826,4.348934830091083,2
2.9232943800893274,3.180630602654663,4.149210259026341,2.693822286115761,2
4.367281909614944,4.153485972591017,4.178095293241288,2.73055515161546,2
4.150849253077331,4.063581688005931,4.411121728890256,2.59567069938988,2
2.553154537475922,3.3579163297206898,2.842213052853052,3.78428429841151,2
4.609902473465523,3.4004033797682363,4.443385867726989,2.5005540113910927,2
2.8875836799561236,2.569974141204397,3.2547385151846577,4.588836070101957,2
2.7229898842776716,3.894742486510741,3.5384406599747216,4.658476888441369,2
2.781794027835316,2.9876640561551264,2.5679465278064346,3.4980510741521593,2
3.139015668998705,4.500783647947738,3.8913638703548363,3.9124086973441137,2
3.7233946028269953,2.7112557756271625,3.523542972568317,4.798861936329588,2
4.421027368945834,4.554955824584367,4.393420626266948,2.73699589489126,2
3.0231309843490393,2.507179798119742,3.1980732872196564,2.749797025396933,2
3.5874246941936407,4.057393223719974,4.511362178587577,4.2231994797090655,2
4.658746870290562,2.623966067905714,2.528013621458045,4.0210776618232895,2
3.165510543511166,3.083052337043278,3.2610403016957266,3.1205309331524376,2
3.6763037344936507,3.5123414286155046,3.6785856681663094,4.047241306451003,2
3.390400170633641,3.0780076804269605,2.8822612346601146,3.3037904749250386,2
4.206154893066196,4.24042129325638,4.033882389373684,3.0382648032058115,2
3.8525983654658047,3.8125862216267503,3.613812255652369,3.7649516686828877,2
3.6311184550344366,3.8005496419704485,4.1456636956285955,2.7521448471279113,2
4.224139229942755,2.8125381452934666,2.6532443963438617,4.744983278309375,2
4.701081068402015,2.6390040533632972,3.5194829153924125,2.9283633580894817,2
3.616293263409162,4.409407658899051,4.686407081908648,3.958781102938536,2
3.3139830345871792,3.8876488009825763,3.217603004049436,4.592594373913739,2
4.501921065143424,3.78393302564322,3.2470375053748293,3.1747962538408503,2
2.5768613878216367,4.376387957358179,3.5358813899897186,3.247805735320608,2
3.5835538164948337,4.383097378045699,2.7866126777272986,4.472608772956203,2
4.564270320749214,4.677428204577943,3.414222382572044,2.9994229292866454,2
3.3593738824734065,3.2656978213322274,2.905153998756578,3.896713341233422,2
3.5962355691698464,4.491112282345208,2.573852035108734,3.9808962333767903,2
4.254782420576591,4.2468191091331065,4.537970124319708,4.1767776085078365,2
4.633963141789701,3.26511017958805,3.657381658528549,2.5323832255506487,2
2.51600245079757,3.052291227038496,2.731856553419896,3.0984861462522333,2
2.907199577415314,2.565596057128891,4.591399536733913,2.5189132021944505,2
4.192988931975297,2.849940139914888,4.59812813059908,4.553430661056737,2
4.003972636649292,4.0461385445413915,2.512280026530284,4.765204602061285,2
4.519014988224373,4.558744319179212,4.016262435217005,3.293009935905434,2
4.555391892908106,3.170488934747742,3.7942365496870663,2.7293812363909296,2
4.620497949305325,2.8237720528737906,3.0172626531799365,3.783708563694894,2
4.2574139004898575,3.9245080036534876,3.033907999440359,2.5021689978132278,2
4.24144633470711,4.765976849595516,4.362800176704008,3.558475221760215,2
4.578664701217945,3.442649648172205,3.7073483937599754,3.5973984650100714,2
3.5295349071307074,4.282938769375983,3.7115684867198313,3.228449380657997,2
3.0937637856145,2.5868188290250966,3.8413488723310056,3.0289112554223787,2
2.840708020637681,4.003808916803658,4.066781292989562,4.229956252192632,2
3.6582268615787603,4.556325591968939,4.653588332815923,4.356953161522726,2
3.9618650086188305,3.198558193259734,4.760773319726509,3.130513184541458,2
2.966110920577991,3.5169544617091404,2.6307333126384935,4.750537268745118,2
3.853397179757777,3.780989810827603,4.008331443769356,3.643154389887575,2
2.5737460893174458,3.908315964332912,4.14719991699979,3.458522839435322,2
4.241779815763744,3.0221029884783674,3.0089361594522233,2.87125907168142,2
3.355587947515072,4.448127681394892,4.404197742942848,3.3804956783160587,2
3.854973092754544,4.157877527892306,3.054775581644453,2.8867244975579185,2
4.735820784388315,3.920381820382122,4.757256160217427,3.276838770404127,2
4.116972909940502,3.011988364044847,3.10076039393,3.6773748789201353,2
3.235121688668564,2.885529596833344,3.1046256145754496,2.582221307271489,2
4.120174329398219,3.631868311297482,2.716759052730409,2.8948961841955296,2
2.7358294376590813,3.9089634590345157,2.7166838363087358,4.234849365980997,2
2.5471751144368997,3.073564312390552,4.548533354551386,4.152622031681165,2
2.667827165729082,4.388590040315913,3.633980779542471,4.447600962488307,2
3.881701481235905,4.068215973675575,4.785053588910129,3.0343717556252416,2
3.935074821951193,3.558739197132016,2.59073949172219,2.5332824754565895,2
2.774225728981075,3.9929110032386603,3.8044751022008017,3.772887990676573,2
2.5732705538149983,3.579396891628016,4.626632481037816,3.414461299414487,2
3.9373216805134494,4.29358295393323,4.303028142026341,3.694344189509124,2
4.473289474425373,3.400169614736618,4.543994394005036,3.052522482709754,2
3.1444977360783133,2.6221774356577026,4.329838224047251,3.459227043335223,2
3.026968211996218,3.0331176385181333,4.5732198648272355,4.418008181060385,2
3.7731210363215215,3.9170548409561583,3.590948812265669,3.4008330486212603,2
4.605596826802162,2.788909218096695,3.462427616347324,3.2924923883721133,2
3.645746656577641,3.5525533114539023,3.693445922797487,2.8218136476220863,2
3.680225453480537,3.0575632719405847,2.92396210267284,2.6491187032082397,2
4.254100885139124,3.4831164179700878,3.941280471617044,4.17346468960091,2
4.062428330221173,3.582151653906269,3.3921666165889786,3.3647077921735264,2
3.9721122329391294,3.6380270163663084,4.453004170373575,4.511814563951438,2
2.892288869414992,2.813337398555169,3.9499221298827987,3.1928192205432424,2
2.5427126531597275,4.5438781395347965,3.0218717646607587,4.637345498877361,2
4.150099237019983,4.254103026796414,2.963361440324269,3.0386471789186698,2
3.6989158337953514,2.895829661094683,3.202492893170974,3.2393636992799504,2
2.8671488464813573,2.97192051680887,4.31366923661899,2.8845504654587173,2
2.5654520012410216,3.9475163680465584,4.744761174602635,3.261791773633179,2
2.7729081173513803,3.8118908483453207,4.584614685519986,4.303342093605501,2
3.931786497349247,3.2246299421974784,3.7463243985353056,2.7098631349997873,2
4.061574475845541,4.167720843464597,4.7195727326928125,3.098913925113665,2
2.542449763798952,3.7548994681824466,4.125618160112673,4.317937194530872,2
2.9455995459570645,3.102031598785154,3.6789591281147818,3.260381862931004,2
4.479176419151123,3.589648353599056,4.339030881434606,3.8354254491094135,2
4.278107325719358,3.265147869019745,4.412258230439716,3.1315163257673495,2
3.7560272584075687,2.992216360299911,3.5937109997402445,3.2318029818700174,2
3.113417890465593,4.724065541464486,2.8681704426194803,4.310849426152009,2
4.763579406811394,2.545773412602179,4.107763052296819,3.0816971527794603,2
2.5931219959551,3.4266460316002507,4.651000963393012,2.5270597170440947,2
3.8521370914384976,3.6532119007692456,4.508783578053409,2.693203943397439,2
4.067509868739296,4.064252306396538,4.038884038783252,4.667369338350585,2
4.393101316715825,2.5965372703600638,3.5834905566203803,3.415292029263067,2
3.2133386085088445,3.5380744678544236,3.383646625329748,3.4943679697209302,2
4.752302290899877,2.7038558419240357,4.621131000629078,3.6045444409833616,2
3.934607164648945,4.409420823220696,3.329064967043288,3.4899703886023237,2
3.441892504641042,3.3618813518322477,4.628717439787858,4.406538749743928,2
2.750699976684845,2.7486837106973208,3.4840998841618798,2.726911966485461,2
3.923914119123575,2.830490696701988,3.7014585071236423,2.516605878108551,2
3.2281716013490875,4.057538664447107,3.6132895625240513,4.750019817797673,2
4.510438730952284,3.325862791799248,2.6046190453862317,4.444940490264543,2
4.595838913723744,4.387443004863784,2.7942848641154594,4.795204809148261,2
3.0947437095713797,4.165671299459251,4.58848021557216,3.0420803629606317,2
4.588994675757252,3.211807632148194,4.745750411483328,3.1468980468750916,2
4.692902396943021,2.6231526970531522,4.13132562684057,3.7238556078251084,2
3.5991172773822804,3.014036922788432,4.1228703164859315,2.9388618303265064,2
3.771536130764967,3.0824643349925767,4.697929173497119,2.5658517458220014,2
2.959375044255844,3.05731439469113,3.452355999265978,3.035279556301123,2
3.6301029076182063,4.50667070349464,4.137745869241092,3.8339125552307554,2
2.7047073093601632,4.096181849295334,2.8827528539151617,4.308644987711905,2
3.0751305445733523,3.4592120751380717,3.3060814653312343,4.4752720037521705,2
2.7910522550408388,3.8009832294850137,2.826741701719043,4.121030423104029,2
4.581679693927306,3.4995976038946828,3.6226121986094446,4.633072523910354,2
3.6982801938935213,3.62147640751399,3.8301569362198995,4.0852283936347895,2
2.7458317627001723,4.388554213805486,3.501661563142496,2.6664015727642165,2
4.30822013915589,3.3669849348784258,2.730845238718624,3.957691790949476,2
4.5243021128973755,4.541833071652168,4.702625992060638,4.495722557463383,2
2.504924114494593,3.3745546827507975,4.382647933782657,3.3423819137964905,2
3.883561564673324,3.8945289789614232,3.339558199289293,4.580290032746961,2
3.6574251943880705,3.569003673656252,4.79428161502236,3.635050837367018,2
2.9103159794357363,3.6800596725859074,4.372238491695839,4.286778751866047,2
4.313738059749483,4.128454703195197,3.0847010068533827,4.482793397432532,2
4.554919970365409,2.946551202222663,2.800047964068206,4.743891427754958,2
4.497145116395846,4.554443138582878,4.538665684636109,3.7458796952775755,2
3.9867239943313395,3.7543345599073756,2.617774603137757,4.214657096311377,2
3.6622636766725245,3.989730872017528,3.656071551443731,3.6311660413416487,2
2.8951149517988637,3.1410415448246427,2.865361191471098,2.9500324799382875,2
4.7378479749667015,2.8521609252760562,3.1193219759019777,3.8583562127987454,2
3.9034107253442762,2.854140498410807,4.325550079305988,4.3059665961994975,2
3.0458307196689494,3.163932496153559,4.6573720905568425,4.399044325752799,2
4.104933176043804,2.689136409474381,3.462007386075924,3.786394305776702,2
2.931045962362687,3.5309211388489166,3.8823595182239865,3.252966364265418,2
4.296173083586121,4.433034037769252,3.244301779698363,4.428911455332651,2
2.7382261020369345,4.426776926832109,2.851325992835518,2.6907324507723698,2
3.9760834302143255,3.5854559412371767,4.588148380949516,3.335335151008953,2
3.160450205906546,3.6516902841316563,3.548676227267921,3.2921845062995327,2
4.095604987006156,4.246992218001989,4.4618631287693145,4.737570190833789,2
3.1133092419047603,4.147015009726911,3.406793941640214,4.057288535487548,2
3.5947578878032065,4.785678136366243,4.176474912318724,4.690729990998946,2
4.420429963806727,4.576672325675753,4.373164153593752,3.556065999864596,2
3.079113442697834,3.351736403536201,2.546543335071886,3.7051842851687344,2
3.66163294062194,3.708076069110123,4.7402718174357465,4.59634420794613,2
2.8719393901592483,3.348429799578545,3.4750992127655023,3.3292257110587897,2
4.336540716289,3.7052866406954497,3.8158295790347374,4.461931185672229,2
4.353634752855324,2.8040865024866894,4.1420035433923585,3.5015030964746816,2
3.177692477043751,2.6150432880750287,3.620673988794537,3.317504365666422,2
3.0784799912557217,4.097744978073003,4.26981639082585,3.063015893767677,2
2.613729104362499,4.45213121130004,2.5229074047698976,4.6553587360193855,2
3.9435257101602232,3.2402472609630366,3.066899192026493,2.520713027808293,2
3.0415842591250173,2.8167750934894245,3.907982307663235,2.883054853765743,2
3.7158486263342243,3.8572677713922827,3.1854959061979033,2.580649382743053,2
2.585683925412651,2.5605988640460104,4.199986734414056,3.231422321072886,2
4.331490427725626,3.4929854948385533,3.5418956319089165,3.67962998577202,2
4.139972349662739,3.129056591408326,2.779650903927112,3.7789318709403616,2
3.2520485334583,3.5177300214364857,3.9879774291758023,3.6364892046249224,2
3.9266412793319385,3.751660004861344,4.201531655453028,4.123654220736726,2
3.728636751159824,4.061476947977326,4.509187085227009,3.4942239619127875,2
3.4493550673222253,4.257764927960475,3.8398738251965865,2.6633155945119538,2
4.551857636089487,2.5708011351465725,4.2213116192824085,4.24522652821992,2
4.692155496148439,2.6245091393253377,3.872770779804329,3.4840333124422216,2
3.2604557961769465,2.707732688687868,3.794104475244011,3.6017936690516112,2
2.7404752537473556,3.9087258663232918,4.197292176581758,4.264740092423391,2
4.582358333003583,3.4417827063441875,4.692067367830915,4.490487631690177,2
3.1819536133550597,2.8663509859037544,3.5013956110944306,3.424367028298723,2
3.8241544022617697,3.8417883343538204,4.224970064073943,3.6727468808729036,2
2.7410920741637606,4.474070071772144,3.21245854132593,4.733984158705161,2
2.7710782499634714,4.703977696134757,2.709327155829789,3.031383117278237,2
2.6071338667990456,4.121760237269688,4.455687094115121,3.498363488176755,2
4.635600772597588,3.857687865037879,3.949016411527003,4.44446416391177,2
3.1826404716192296,3.3148111590535394,4.583689414147682,4.572216040889156,2
4.745910385262003,4.574228127815843,2.79295568287673,4.394565858115071,2
3.4426284996520664,4.778843118675657,3.5862462179562424,3.773822989755107,2
3.7184823050906366,3.2399951686740387,2.672550804453712,4.559997829924413,2
4.34615436881046,2.8209115952872392,4.286567024105167,3.939447331916403,2
3.441030712210531,3.0842486429197944,4.477376202055135,4.110432996376321,2
3.7598017917790147,3.9020076279664675,2.7094522187890164,3.5900154500957413,2
2.9455106734071146,2.9792824617202984,4.020999113259793,4.595889149218863,2
3.428640204100197,2.977823327928038,3.9921179556443045,4.503730206605731,2
4.221133242581729,4.498141630234151,3.7340757433248384,4.229315362049139,2
2.822148486525554,3.3010316153353405,3.3959630783075014,3.6759802163658795,2
4.636875628590694,4.510882088511001,2.809408632265124,2.8974161993296654,2
3.322573264054496,3.16871089154855,3.9139731922594034,4.576384909858453,2
4.7132705458469495,4.003286790831021,4.427766163222499,3.7079650605308334,2
2.9791519777780913,3.706783347814998,3.776689983306597,4.20765239769118,2
3.005730876326903,3.3471138787994827,3.3372631791935023,4.70671107020468,2
3.5210734087514535,4.236716124785737,4.2268661771612095,3.110751625047455,2
3.815300285554984,4.55689665463289,3.5929547547509837,4.673770266887855,2
2.9932539274455716,2.6705659432802706,4.550343908232923,4.449666755313098,2
4.782956714647843,4.06260502265858,4.654382231334443,4.401982757693455,2
4.4421805661762,3.8090256120448167,3.379438575208435,4.649483566849549,2
3.493869503916557,3.7392845446742387,3.5260629063879314,3.7990821221084534,2
3.5821616816823525,2.6103253847327945,4.528710827817706,3.5221057835062703,2
3.854570391566902,2.8201319463433703,2.50779205036007,3.0641672153803787,2
4.120547873906705,2.7281474192596207,4.590441112888875,2.9945519095192243,2
2.9705653128710843,2.9174683117294395,2.5321579398341387,4.27515257749994,2
4.512579421864094,3.9125742160172576,2.932859957863683,3.1561393929640236,2
3.5946314039394154,4.6949956887335915,3.068908155180808,4.182785579015743,2
3.510730913573717,3.18504890122805,3.5486066551508615,2.663775450344835,2
4.336980953139833,3.0595944343608243,4.168447883343832,2.6572012543308476,2
4.696726679181078,2.943934466433107,4.530306775276285,4.361788382115499,2
4.726077825387256,3.5991485201752242,4.173013775845688,3.352634511186903,2
2.9240469474452957,3.519074645746932,2.8812227353934463,4.758702632408683,2
2.7213669296236476,3.855186963941027,3.9408668670843285,3.7375829486103247,2
4.023027537137217,2.7672157825273493,3.7765426056721694,3.1605889135929317,2
4.66240494559243,4.2527648029113685,4.736783308967408,2.586378960402436,2
3.15580630291563,2.9494719492682027,2.52565555081721,3.0573491795665393,2
4.061184762096986,3.0315045209095075,3.6707079246100216,4.541981664419497,2
4.095643216802873,3.4076468607838732,3.356678559497849,3.548192372219515,2
2.9071953144377845,3.9582017650567725,3.337551483940593,4.4604403033027005,2
4.2400711181329775,3.9041802774119683,3.337665112093887,2.982843212849014,2
4.285149287442932,3.618740927679499,3.0169250878079223,2.9489016145920144,2
2.8804220803531257,4.287470751272869,3.026670526190717,3.711277206107954,2
3.5385566302380296,3.833105068225053,4.517456270853747,4.49581899718798,2
3.537474965197177,2.5353423766898637,3.4808207531428974,3.894245136075523,2
3.782858945925542,3.9980730433404723,2.854374184688092,3.987030727195685,2
2.920098723110676,4.226205155602522,3.279901510504164,4.132759496777343,2
2.6100908774840463,3.4380780588591007,4.121579401205665,3.0218021875624363,2
4.329160203033612,3.9507933861413433,3.851392075944536,3.3131623646699753,2
3.6096383818765703,3.873903392249062,3.586662862004248,4.106120645063288,2
3.4975029461460068,2.9652283180066696,2.9920477004424084,2.5133486683387645,2
3.1922027457849467,4.222510573100595,4.326574230326502,2.965675346820225,2
4.705801192804238,3.6555264250042914,4.609051122742556,4.125560148281751,2
4.1615968729515505,2.6956003290039634,3.0059795918629404,2.520274116577287,2
4.147093573096496,3.292208063385573,4.309300786975598,3.2795533058551603,2
4.38446763028738,2.8006059836211197,2.8987582605422686,3.2840160410430537,2
3.4395209944292287,3.30201646493885,4.256388174803406,2.7229882030414436,2
3.3077991451685227,4.425651998885556,2.6536332777029954,4.6673900676441225,2
4.76852873722563,2.703706799797684,3.169926801188195,3.3565215318813193,2
4.28570014790127,3.870631667868488,3.982041111132905,4.242272592482564,2
2.771351698705159,4.416381750893604,4.122925549614331,3.8278859679516515,2
4.54639127000103,4.110704613932756,2.9639099140513583,3.4884143764740334,2
3.6362985939521866,2.627000541525933,4.695666280728128,2.7957276998328204,2
4.104160914621472,3.6643313830090243,2.558954174734172,4.626919194488032,2
4.459224660283546,3.7057932341788216,3.026567373120724,2.7797326485642166,2
3.3358027026938912,3.087485046406008,3.665389762314487,4.722741381083886,2
3.822393034428175,4.546841428547225,3.9970213262402874,3.593067011150561,2
4.465597394286753,3.5841466533978945,4.49784479217383,3.17062657002426,2
2.796270069654873,4.467223268034758,3.8510548767231336,4.544912515972609,2
4.657002576082482,2.6233452978543332,3.6522293942753974,3.362418462871417,2
3.939474313261269,4.325259753565344,3.1453574967410485,3.7806362840582945,2
4.130075733781268,2.8091914905221884,4.3723538836879134,3.8940520796618383,2
4.683936105361399,3.2809165140005945,2.748735667375557,3.664952762384928,2
2.6973647749317093,4.729911003645215,2.5889754039915407,4.233058972546808,2
3.707735515727161,3.347827500746064,2.651436978369906,3.930983925599298,2
3.8460067575991967,3.146031528055479,4.593509913243718,3.199453016888525,2
3.534368444361844,3.750653648612908,2.730533319805458,4.643971954191354,2
3.3614331506373945,2.6857921919109904,3.3907696994532586,3.8804658583129354,2
3.681401145189058,4.0974465402857305,2.6276130667561945,3.154443403625729,2
4.384230326732235,2.68375548192013,4.467617695800702,2.7113610117773446,2
4.419244694250901,3.3298133224810713,3.9080808454915963,2.851640365990396,2
2.6521880599679157,2.996657869246311,2.7940637811899998,3.218533564663153,2
3.6830814669753464,3.8541467661995217,4.3166966469734085,4.009351754471225,2
3.9001441477979717,3.4470986632172815,3.589759400408319,3.4533979075974166,2
4.4369818691411815,3.0290010408613197,2.513158142546519,3.9980357636203503,2
2.9656630223693123,4.547264813512561,4.475806558325309,2.6764729554348734,2
2.744693332452378,3.638894662167332,3.9012121243695157,3.1322891762091536,2
4.148634748408552,3.8683068481134044,3.247095452421676,2.558354422497326,2
4.22534564698659,2.99393343139769,4.419289609964045,3.4666675981247868,2
3.8272781180530604,4.507782079940704,4.486332902115892,3.3544950230602186,2
2.980444453244139,4.2828359787757675,3.4960844682849017,2.9416965851857095,2
4.580178287329446,2.955639646754501,2.5593564868398313,2.5466439396650657,2
3.9313253198448077,4.021852639650319,3.215395921631063,3.2360252752682457,2
3.280836004637868,4.064364657545421,2.6337077193617056,4.636967611190048,2
3.011798401608127,4.799248372056812,2.89450219571053,4.274556851818468,2
3.0138488533381373,2.685947643779484,4.512346646006492,4.4751278961390515,2
3.428211902634083,4.115511127842981,3.7812516451730094,4.461799061449622,2
3.2246287294329052,3.7044465199976657,3.616356453770466,3.313983400390775,2
4.550346648479656,2.8815192267238317,2.843869870897601,3.826891931242328,2
4.012236728965366,2.9476242849465,3.3986501171856354,4.67709683885111,2
3.06722007218855,4.037229614870006,4.202343605504459,3.530696008769867,2
4.656309769547041,4.194310491003218,3.553226533680065,3.809470964085016,2
4.093010919877731,3.862037414987202,4.521004442799974,3.3208439232449227,2
3.1897372021283514,2.991829445839108,2.5869008265485687,2.5989321180741274,2
4.50112694415135,4.060304236733587,4.019224555503918,3.913678483550238,2
4.453204032796441,3.6046139290309434,4.501944905684091,3.32672356021915,2
4.631427259979908,4.1069110541868525,3.0915074128561826,3.7973953198838375,2
3.7259702914229877,2.817167289979768,3.8598586832264123,3.2240069345490032,2
2.6204021636620856,4.681909162725098,3.975427848847862,4.516913543302948,2
4.054928811530482,3.3210624919222598,3.679182566356266,4.054217548798507,2
4.708580347963306,3.083439755979902,4.51244723483547,4.62537895217682,2
4.041955683715599,4.641913243023077,3.4151207511979473,4.691937204893018,2
4.116400617481742,2.5966132650632674,4.585807513183822,3.614287460776343,2
3.558752064989015,3.802873193753159,2.843584457573824,3.5790819117050168,2
4.411592598450815,2.5356096560162853,3.127709468746054,2.5056455488208416,2
3.4561360110446513,4.1751256741355895,4.337175206963646,4.673936450592115,2
3.899560609832809,3.0856417933016598,4.6255402830144074,4.283226233924864,2
3.8211855109072324,4.099972496153553,4.625927616517087,4.138506265487719,2
3.3472613674448883,4.139964865264922,2.592639774291392,3.3887557922103366,2
3.4345429732448323,2.88372793916792,2.5530966052690713,2.8067768442668086,2
4.005629440333227,4.345264277636481,4.77286803327204,3.296636057149537,2
3.8785722112005336,4.65543342367478,2.884196097077751,4.150584848588308,2
4.2364510862430755,2.7046437324994783,4.480873585921049,4.370141608354941,2
2.576826915128099,2.709494154224118,2.61299185595126,3.269910123138533,2
3.67136467856383,3.7243997742956463,3.1156335474697183,4.5966728390886304,2
3.3470044167054,2.604765358720311,3.1905223565451886,3.7215516718515573,2
3.4389101919529335,3.1298377939282958,2.80204347445793,4.384078350221328,2
4.791134056885641,3.2579469071049285,3.377728401606189,3.921486306757001,2
4.152415391891745,3.40166793004826,4.581337889058175,3.788009175226512,2
3.5358971757336413,3.987347332267782,4.691448850973098,4.3274702771699225,2
2.592030200230786,3.2643127947019073,3.582252775387812,3.223390416080942,2
4.11043138991005,4.400419044683936,4.182093718926124,4.775466559705032,2
3.126859590153967,4.512475838556169,4.2632321299013185,3.333011142383736,2
4.188486450411028,2.739374699761968,4.31546700938327,3.724360385950336,2
3.1722673972312823,4.008287794103614,3.9757259970431407,2.981818312255079,2
2.56991405406651,3.4973319498738498,3.809877299492169,4.516192140252376,2
4.634898629989467,3.7162520017605627,4.233748012667653,3.510397526354393,2
4.215988960117654,2.971043507360084,3.353448890048122,3.9587243972713138,2
2.541763320896281,4.161661013779594,4.421731652916783,3.418025820516088,2
3.530267559507478,4.457949088098021,4.284005661249877,3.1627438247767623,2
3.2451450450915393,4.061419934498372,3.795355612630771,2.873128013521943,2
3.2128387912270826,4.569961536820904,4.082801204461205,4.767740930676695,2
4.264128818955769,4.666541193930257,2.9972337199020935,4.274415212078929,2
2.546500296339934,4.042748049936527,3.579349239676555,3.297548165416158,2
4.483530010274105,4.46481569311232,2.5512939212668804,3.9018617816336914,2
3.3460141159381998,3.456020303451033,4.413693700203185,3.21263147451366,2
4.6690122644665255,2.913157800655924,4.024261573746809,4.045841654131658,2
3.0800488712842116,3.2469264006245644,4.420036532933863,4.25215208639639,2
3.256920524723947,3.728100057950348,2.6418646813821196,2.9801155295168473,2
3.6173872853789177,2.6977395911421866,4.439664416251456,4.15141428324759,2
4.670357442491538,4.0949738837172625,4.662923156203027,3.7753788780892195,2
3.8805028054425295,4.747033425640399,3.976897037787799,2.5708091083797173,2
4.164746386250203,4.582577991916056,4.329834574526951,3.842816527038472,2
4.043998080115087,4.777441115278845,2.708522803571478,4.034663105856451,2
3.151814697512366,3.972207912148191,3.897534224533059,2.852950713848773,2
2.97551728520255,3.929748029499391,2.7949288787986806,3.1099160127997427,2
4.421064759797405,3.2523104638037688,3.6225383594202247,4.664622770835432,2
3.0224429043249765,3.396139839923424,3.894852883750155,4.237279537859136,2
4.573802789439222,4.605587871419084,4.286272171057033,3.025160924164614,2
2.5570614590979015,3.3826800398179344,2.8255623572719935,4.133891589108085,2
4.020600349699149,2.601134775729346,4.424165692001187,3.0721095124697193,2
3.4941222736293973,4.036247591548207,3.4876632097601825,3.51496194643987,2
2.650944389272203,3.423320163298009,4.259150154405962,4.604905575529175,2
3.451043415245755,3.474247401821881,4.116042344544399,4.668375602542136,2
3.1142401625505283,3.5123316750372546,4.330738460170292,3.9022952095602887,2
2.754348591117096,3.943785291793211,2.929516454573852,3.6734966483803295,2
3.7169375156190085,4.515267733117465,3.5637368302286077,3.1427175711425566,2
3.0312226008968723,4.510779316373974,2.8933249651619253,3.4794976900312307,2
2.9304981643319783,4.278599292263063,3.5910570719416235,3.3076304882806675,2
3.3305291734408735,4.460092675462852,3.7736800948772076,4.151096057601906,2
4.563188587376574,4.5740058548934766,3.2555708249770854,4.690637905236686,2
2.5572145286335926,3.366721790337181,4.560337372270336,3.1316648235790607,2
3.128087335739032,3.196031255688344,3.9083207851479207,3.5081653839130134,2
4.171490123612688,4.558294477898731,4.05065856236858,2.9702734564544238,2
4.645168375429154,3.1083336086992004,2.8447568792547635,2.70692474138021,2
3.7957826035321807,2.7616536637054994,2.8191845334590506,3.1900701053696423,2
3.147801922274267,3.8897508737639273,4.378514142787167,4.251104209266653,2
3.1037142458478963,3.064214145367754,4.721320519246025,2.5189433556615084,2
4.523357226038496,2.959375593981531,4.678753943106466,3.2873067551032955,2
3.51280907995448,4.126377412072076,3.8516388183884986,3.2312604583256923,2
3.773811106495994,4.180625834034638,2.597370375575732,2.5257584020881194,2
3.55355395986765,2.8032242209480827,4.027991870368843,2.9923206493230987,2
3.495557545630043,2.9546431548108187,3.7615122472229863,2.7669229565845086,2
2.5531457614112045,2.6176027676454034,4.694794415485212,2.8272583028051526,2
4.129499982214721,2.6562302697125,2.748768810140919,3.6704153782414695,2
3.5692031393549906,4.6886347117117,4.673121541947696,4.29309987784767,2
3.8848342092929045,3.5464087300039253,3.3192106289553682,4.678301358043777,2
3.8866902662767764,3.831866813677787,3.0333725800685043,2.60740498113576,2
4.673933733446952,3.221591095342704,3.517954753646255,2.7636718702471255,2
4.424925958791372,2.5635532155686405,4.418178752827922,2.8226555294123234,2
4.53909745905165,4.178477065873162,2.8787416037668017,3.8013813835767767,2
3.219109523017005,2.9099361274966418,4.4761190586455495,3.4281023629666274,2
3.4166505430403795,2.890739352055226,3.381051054997291,4.504718746556355,2
3.3351960341261626,4.688688193749512,4.676510468179291,2.8332669164068958,2
2.9078158831020833,4.484150361763345,3.4033501135268542,2.5100601592509215,2
3.1299051853223534,3.874546684349788,4.338311721707926,2.806793819314497,2
2.7542451381584914,4.620813103216363,4.22764124599194,3.8564930817895804,2
4.269129616990634,3.4863650310052683,4.244448218810991,3.355146879931432,2
3.0614175167329853,4.176730868973828,3.465246271961717,4.757167339950248,2
3.303815919308632,4.619973067221451,4.645813861704283,3.056261778248916,2
4.335908717652431,3.4960713618324997,4.610306872629801,3.535285827061049,2
4.211898549875942,3.5740250410767347,3.0239417381395692,2.9585052965727785,2
3.4784917467895946,4.237637711132694,3.8916644159157636,4.083847366771249,2
3.1493506066834676,3.6073012957024924,2.602109109429452,4.380324556703677,2
4.776751973151711,3.435821844036743,2.52521640220255,2.8905230709671788,2
4.000811818825963,3.907782431868876,4.312088855046751,3.0839332252104565,2
4.256353405758408,4.08236324950444,3.2424733447418395,3.7546227405310124,2
2.8387297595461516,3.54089835790184,4.526753880977974,3.4687401735983987,2
4.43100342489347,3.857582740097297,2.9413164401354206,3.836544362805162,2
3.663761657061246,3.4168750709516833,2.7751500108869616,3.4584299268486287,2
2.6673534653511424,2.7271688182171276,3.456608025745247,3.2023774085274663,2
4.628751949483114,3.364123352374622,4.24307368076583,3.719569310642358,2
4.119397037877372,3.098266760935418,4.666381437528157,3.719203542903175,2
4.412045363956074,3.339605094995061,2.730486102816206,4.049536789757952,2
2.5178471911760765,3.593173846100669,2.9434443761328564,3.942963660201333,2
4.7526657082170605,3.5681266845374857,4.380245990009033,3.6679036299875785,2
3.640432071539255,4.639974034311189,4.546921498117367,4.307341069932341,2
3.1813882326286036,3.753519356165063,3.0149636366030754,3.5210084055070414,2
3.6136900512475183,4.412772092389461,4.560865240247484,3.453626143511899,2
2.5407202236684454,4.482079831515516,2.9008409605531296,3.930328516947905,2
2.557433070998502,3.4188648930992978,4.767708694865304,2.731595282538747,2
3.4744942495991773,3.20644488543689,4.581702683793008,4.499482248186917,2
3.0467071487043262,2.6867319102159914,3.94241830634057,3.2736480373325323,2
4.045794098393944,2.5738754389559735,2.8068182409082256,4.07865613537708,2
2.9884525071957446,4.472451654253524,2.6347590417333113,2.9956085604068217,2
4.7966885715156575,3.496075035949623,4.11682102615268,2.9201250123711313,2
3.9026980904667368,4.170043957249662,3.2232962624929744,4.406463357544519,2
3.8878604304862514,3.3949829221145693,3.7825775046892645,3.826549949102626,2
2.880731173195892,3.426284450694022,3.289890352444834,3.42207626193199,2
4.250554353516093,3.609838337173347,4.662727152450308,3.175455750724403,2
3.4561182300553366,4.310000664101795,3.7558565646377255,3.7581647367762296,2
2.622682374911922,3.416779224252448,3.1226875845699844,4.798470782511565,2
3.2092166624543137,4.534342030025886,4.055337590593098,3.284107741141808,2
3.7501290702604844,4.433232523883145,4.531747085471097,2.868905912514134,2
3.28101822477879,3.271013314491215,2.596703030974673,3.875946847659362,2
4.466086121882032,3.377621091998691,4.202082673463607,3.9437109512817017,2
3.363992091633902,2.8244375388322833,4.1314448613847246,4.465499888564853,2
4.077465332523431,2.5411205132800814,2.99733565709928,2.6598039652321233,2
3.8118880290253214,4.239898661332949,2.7543321302579167,4.428176987364786,2
3.777670650309611,4.086928727925967,4.734224251799886,2.6924662729697038,2
4.572815252848915,2.7900362007710413,3.403805255264369,4.458309001561563,2
4.584384744497097,3.664654849153834,3.8664406680334777,4.128738869576681,2
4.415344937441242,2.779475689936632,4.363159408927223,3.6069351461767187,2
3.536433877748789,3.474969429593096,3.671186646065898,4.673616272807588,2
3.7608686774219486,4.69230833800522,2.9146673004159735,4.165512751315056,2
4.3681509388001185,4.061996312070182,3.895921244521043,3.7990693964982194,2
4.480140109931001,4.38978717347835,2.781264058715379,4.451751611171019,2
3.4523578247130176,3.083502708990365,4.50046770643203,3.493657039157606,2
4.359238787406678,3.1058283074984425,2.509037439271101,3.639556143676772,2
2.7305249902786337,4.235064697707292,3.134972812959644,3.5203849871880006,2
2.700177199710575,3.159316271428681,4.297427559494715,2.8486521973753347,2
3.988466990592002,4.610079461450352,4.063624547442757,4.3653498853721215,2
2.7506347473990065,3.0766831998047253,4.557439360153359,4.144742911321605,2
3.9709738006678155,4.02666349307991,3.45266127490068,2.6024802527206026,2
4.304215546762677,4.0610404432953136,3.5874502674592668,4.569447115346992,2
3.2731672294657272,3.1769400117318427,4.507431547682718,4.333071605945666,2
3.684453564491193,2.800689900753055,2.994664384369621,4.009324377940255,2
3.3855948470329467,4.423888340831734,4.684896521464069,4.352964928132312,2
3.3683544728897816,4.3139787872322755,3.3083158489825717,2.884330201860958,2
2.576804371191472,3.387148439350346,4.578186398503748,3.0496691518380556,2
2.974980279338503,4.730587806054393,2.557509459556362,4.307298945905635,2
3.239150898204002,2.5862223008002165,4.610945842482042,2.8211773594820424,2
3.7690923525690994,3.13032467708796,2.6499434450247894,2.6148217170257717,2
2.765780407323579,2.664144131945574,4.249283665695822,3.616802265251887,2
3.288651810102653,3.4622484933036164,4.636577491817033,4.594729169297739,2
4.146055904281926,4.534769468069882,3.235190463451537,3.3765514498190505,2
3.911538018264724,3.9343396787837075,3.607909627428384,3.4215130514072927,2
4.768214716699998,4.388584340070766,3.5004544551425036,4.172772697651007,2
3.119991894480657,2.7303894503458586,3.3105913587713034,3.4268374402838067,2
2.538035386489543,4.374021603762561,3.3261448254951174,3.8349617812943384,2
2.6701153307231986,2.9024927061263432,4.546295568253388,3.899981314130442,2
4.685653315392116,4.797125079100029,3.355278265266117,3.1872470473915318,2
4.474218926865922,4.796806282186145,3.948174838734652,4.328823661776501,2
4.298015475275131,3.317281328904958,3.8208218745913003,4.416030964907691,2
4.082661915400427,2.548676772158688,3.274423038464327,2.8322941021675923,2
3.03583608777949,4.582625798230049,2.584854564494767,3.0055416375124246,2
3.2120095101479325,3.9188333655227083,3.7284338871974905,3.002019810562788,2
2.8777544546132554,3.044635479571073,3.655818141413808,3.123708907135768,2
4.679485753697761,3.5668900092863494,2.6352308380526654,4.177312733424257,2
3.256344162880676,4.00302454373397,3.1430670522034334,3.8127106059866356,2
4.275950761057168,4.634420106081474,3.100592432196077,3.2701709872976568,2
3.567812766657661,4.632502126792774,4.573189770664511,2.7067200442314676,2
2.8034385992337647,3.639671107860468,2.745224327452474,3.294836008702004,2
2.8412863699001987,3.962892816803337,4.683839493000072,4.792487671677078,2
3.3630546047429037,3.8777290653636083,4.469415603105387,2.770162767431683,2
4.085998145419519,3.4403404219676568,2.9741361686443772,3.4263333231191164,2
2.674708660019309,4.099436441755403,3.081308138121442,3.216232983603219,2
2.7784869859553645,4.488715961946751,3.6349218423502987,3.8159378189087203,2
3.8096951711181655,3.444134163445086,2.942818805507721,4.21380532154632,2
2.792229410322651,2.7389097176412642,4.133333586471958,2.980325147039563,2
3.2055773281115143,3.5930231741040024,3.5335080284779563,4.129731987649498,2
3.93389312491973,3.982111173248291,4.142324960507551,3.17300927307397,2
3.2413666171410895,3.5073948201597744,3.20716299797711,4.765357098632986,2
4.372319430769288,2.878705782988868,2.5128665585283,2.5984015169687162,2
3.061345937398728,2.76286995742477,3.726677664252916,4.473389012272925,2
4.194525508100423,2.995900845089038,3.4183882888593073,3.6681566819219382,2
4.363473453857671,4.429979687144179,4.592352117387884,3.671264076156613,2
4.0968319168024845,2.7571408538380555,3.8001646078941587,3.0719911617836106,2
3.4929488355612053,3.9583161691054545,3.0910676570636966,2.6200256329325504,2
2.5235378697401423,2.5509669317523995,2.5192043962816704,2.7538166300831137,2
3.0508240435112985,3.008809482619288,4.769632166613762,3.2038140419805696,2
2.7930678017266177,3.754793851585843,4.47330214741427,4.0595388666116525,2
3.180988805011536,3.7917171675203463,4.144168740660941,4.174640332445807,2
4.033038447184684,4.502863976983921,4.50124255419144,3.8315540866361077,2
3.488669648955788,3.975611679799729,4.381887603152065,2.5129998411347247,2
4.781593120734158,2.9206556763571583,3.5815726670179453,4.505668390138593,2
3.0175929178016583,3.5966290149708815,2.804939014416712,3.408675548392843,2
2.907411546023906,3.336343822173661,3.3589676986232604,4.7842928160761655,2
4.788069967398676,2.7640084409194086,4.1697281924551985,2.6190146032389325,2
2.569441635275534,2.742267956763418,4.720617011118248,4.663986160157804,2
2.946033986645565,2.8718463717735365,3.053230698986678,3.685758086372827,2
3.8103206536814427,3.009664890010729,4.240232412606874,3.2119722896260967,2
4.620902048717644,4.01046222485048,3.503607746898307,4.3167976039165445,2
4.381203639907329,3.1681076929005703,3.2813434508229937,4.6526968535757876,2
2.8789043882355254,2.596945959014749,3.544327242001963,4.342782770560346,2
4.274836644514715,4.614920446499514,3.7263615280487925,2.7301487446030266,2
3.853984640972837,4.290309913012386,2.714654676620601,2.8971120225244564,2
2.528268520658043,3.8654009327276637,4.53948910147558,4.042525626804829,2
4.758692201459258,2.6449774007494518,4.576902495848441,4.372357060989366,2
3.2227554971488614,4.739111069225679,3.1622568207942545,4.545400864804902,2
4.525721727270636,4.242612518186837,3.7959820897695593,2.7760063241188426,2
3.723534989341946,3.3206313880063494,4.322099176257309,4.243697174942743,2
4.594408766956992,2.534109373592928,4.360937398693006,4.658462722186738,2
4.315391032948745,2.799447257701843,2.686941941134042,2.5479440515577116,2
3.946114019404563,3.948247099277741,4.769901542701888,3.41549930043942,2
3.2633844552642426,3.9361773325241023,4.398899946767466,4.6545800839029035,2
4.347185582211789,3.481350155416351,3.960302741217747,4.469488451447069,2
3.6284022831170004,2.998379280522403,2.8903639114201076,2.5003628125295303,2
4.1519473884569535,2.7555235803457783,3.060829929300663,3.185115562502425,2
3.788873678314567,3.4153017377802692,4.051750181653272,2.627968916456016,2
2.7850601468082106,3.6481864581265135,3.2750190120477085,3.180370734328127,2
2.6541645817863024,4.5601541019204035,4.091182748087617,2.7797217606851934,2
2.6496057027954234,4.742206826891859,4.0666968660108616,3.4601489635156053,2
4.113981393738305,4.239563108904366,4.293913065494192,3.5991178030020325,2
3.48873034368715,2.5253645938184706,4.631081364826228,3.887608120294569,2
2.9672540555369267,4.615087864669304,4.604343374071682,4.77512357804202,2
4.510330095219651,4.794904091986149,3.062778232683527,4.437174045958239,2
4.392965110230258,3.0311628262076877,2.7264063627022788,4.752667181458479,2
3.180856468497404,4.503051118075954,2.5094924557515887,2.5483570566050853,2
3.5715040100016475,3.049043773050646,4.086634951902718,3.800797948806295,2
2.6782173341361304,2.874045081526149,3.392513321134353,2.926889347097496,2
4.322111398661035,3.456961541772544,2.7148932937377483,3.6139886752258867,2
2.7089278164412525,2.7965558024655794,3.051102613664872,4.476913722069226,2
4.626608824365835,4.400392777463759,3.2683776000610485,3.126626814550313,2
3.7630580888175498,4.160262269226158,4.784757412768402,2.80261263732153,2
2.61337159775475,4.097018544689123,4.414119302058983,4.446602193692773,2
4.06046616287747,4.69423634947413,3.6753109561525497,4.601774036173289,2
4.725967915080503,4.448462151107147,3.2124446954948276,2.951295997691679,2
3.760676149458182,3.5419339258744333,4.518844187043285,2.7300728434544537,2
3.0928021410164925,4.22913757239303,2.718469283447818,3.2377581522499104,2
3.390457406324161,3.931965732094187,2.8637050851545385,4.479390327804332,2
3.5293471415724307,4.609149937325279,3.5761008013580424,3.1325925955636866,2
2.826206305981652,2.508613717835955,3.7239622154651215,2.7464604029319237,2
3.40097385635171,3.855325050845299,3.1340775628762105,2.903015872442065,2
4.281859732001486,4.677619696247727,2.731012961082522,2.857857746085518,2
4.7080291116812525,2.5869037101681664,4.748554374066086,2.5106823110954744,2
4.509437907998062,3.206847916271824,4.658754373807781,3.2289741638618468,2
